# Premi calcolati dal preventivatore Excel HDI «Proposta #rischi catastrofali civili abitazioni, tariffa in vigore dal 01/01/2023» (09/10/2026, ricalcolati con LibreOffice).
# Premio = «Premio annuo polizza» (N17): SENZA abbonamento tutela legale/peritale e senza commissioni.
# Ripartizione = colonna N del foglio, senza arrotondare: terremoto fabbricato (N7), terremoto contenuto (N9), alluvione fabbricato (N12), alluvione contenuto (N14); 0 = garanzia non scelta.
cap;valore;terremoto_contenuto;alluvione_fabbricato;alluvione_contenuto;premio;n_terr_fabb;n_terr_cont;n_allu_fabb;n_allu_cont
00010;40000;no;no;no;60;60;0;0;0
00010;40000;si;no;no;60;50;10;0;0
00010;40000;no;si;no;60;51.89692391;0;8.10307609;0
00010;40000;si;si;si;60;43.24743659;8.64948732;6.75256341;1.35051268
00010;40000;si;si;no;60;44.24328863;8.84865773;6.90805364;0
00010;123457;no;no;no;79;79;0;0;0
00010;123457;si;no;no;94;78.17034346;15.82965654;0;0
00010;123457;no;si;no;91;78.6419543;0;12.3580457;0
00010;123457;si;si;si;109;78.34068862;15.82965654;12.3580457;2.47160914
00010;123457;si;si;no;107;78.81229776;15.82965654;12.3580457;0
00010;1100000;no;no;no;705;705;0;0;0
00010;1100000;si;no;no;846;704.958;141.042;0;0
00010;1100000;no;si;no;815;704.89;0;110.11;0
00010;1100000;si;si;si;978;704.826;141.042;110.11;22.022
00010;1100000;si;si;no;956;704.848;141.042;110.11;0
00052;40000;no;no;no;60;60;0;0;0
00052;40000;si;no;no;60;50;10;0;0
00052;40000;no;si;no;60;51.89692391;0;8.10307609;0
00052;40000;si;si;si;60;43.24743659;8.64948732;6.75256341;1.35051268
00052;40000;si;si;no;60;44.24328863;8.84865773;6.90805364;0
00052;123457;no;no;no;79;79;0;0;0
00052;123457;si;no;no;94;78.17034346;15.82965654;0;0
00052;123457;no;si;no;91;78.6419543;0;12.3580457;0
00052;123457;si;si;si;109;78.34068862;15.82965654;12.3580457;2.47160914
00052;123457;si;si;no;107;78.81229776;15.82965654;12.3580457;0
00052;1100000;no;no;no;705;705;0;0;0
00052;1100000;si;no;no;846;704.958;141.042;0;0
00052;1100000;no;si;no;815;704.89;0;110.11;0
00052;1100000;si;si;si;978;704.826;141.042;110.11;22.022
00052;1100000;si;si;no;956;704.848;141.042;110.11;0
00134;40000;no;no;no;60;60;0;0;0
00134;40000;si;no;no;60;50;10;0;0
00134;40000;no;si;no;60;54.96713347;0;5.03286653;0
00134;40000;si;si;si;60;45.80594456;9.16118891;4.19405544;0.83881109
00134;40000;si;si;no;60;46.45539963;9.29107993;4.25352045;0
00134;123457;no;no;no;79;79;0;0;0
00134;123457;si;no;no;94;78.17034346;15.82965654;0;0
00134;123457;no;si;no;86;78.7530741;0;7.2469259;0
00134;123457;si;si;si;103;78.47403238;15.82965654;7.2469259;1.44938518
00134;123457;si;si;no;102;78.92341756;15.82965654;7.2469259;0
00134;1100000;no;no;no;705;705;0;0;0
00134;1100000;si;no;no;846;704.958;141.042;0;0
00134;1100000;no;si;no;769;704.43;0;64.57;0
00134;1100000;si;si;si;923;704.474;141.042;64.57;12.914
00134;1100000;si;si;no;910;704.388;141.042;64.57;0
00178;40000;no;no;no;60;60;0;0;0
00178;40000;si;no;no;60;50;10;0;0
00178;40000;no;si;no;60;54.96713347;0;5.03286653;0
00178;40000;si;si;si;60;45.80594456;9.16118891;4.19405544;0.83881109
00178;40000;si;si;no;60;46.45539963;9.29107993;4.25352045;0
00178;123457;no;no;no;79;79;0;0;0
00178;123457;si;no;no;94;78.17034346;15.82965654;0;0
00178;123457;no;si;no;86;78.7530741;0;7.2469259;0
00178;123457;si;si;si;103;78.47403238;15.82965654;7.2469259;1.44938518
00178;123457;si;si;no;102;78.92341756;15.82965654;7.2469259;0
00178;1100000;no;no;no;705;705;0;0;0
00178;1100000;si;no;no;846;704.958;141.042;0;0
00178;1100000;no;si;no;769;704.43;0;64.57;0
00178;1100000;si;si;si;923;704.474;141.042;64.57;12.914
00178;1100000;si;si;no;910;704.388;141.042;64.57;0
01034;40000;no;no;no;60;60;0;0;0
01034;40000;si;no;no;60;50;10;0;0
01034;40000;no;si;no;60;50.05309535;0;9.94690465;0
01034;40000;si;si;si;60;41.71091279;8.34218256;8.28908721;1.65781744
01034;40000;si;si;no;60;42.89614577;8.57922915;8.52462508;0
01034;123457;no;no;no;60;60;0;0;0
01034;123457;si;no;no;60;50;10;0;0
01034;123457;no;si;no;60;50.05309535;0;9.94690465;0
01034;123457;si;si;si;60;41.71091279;8.34218256;8.28908721;1.65781744
01034;123457;si;si;no;60;42.89614577;8.57922915;8.52462508;0
01034;1100000;no;no;no;324;324;0;0;0
01034;1100000;si;no;no;389;324.0164;64.9836;0;0
01034;1100000;no;si;no;389;324.43;0;64.57;0
01034;1100000;si;si;si;467;324.5324;64.9836;64.57;12.914
01034;1100000;si;si;no;454;324.4464;64.9836;64.57;0
02047;40000;no;no;no;60;60;0;0;0
02047;40000;si;no;no;63;52.45344;10.54656;0;0
02047;40000;no;si;no;60;52.88723071;0;7.11276929;0
02047;40000;si;si;si;71;51.94304;10.54656;7.092;1.4184
02047;40000;si;si;no;70;52.36144;10.54656;7.092;0
02047;123457;no;no;no;162;162;0;0;0
02047;123457;si;no;no;195;162.44883355;32.55116645;0;0
02047;123457;no;si;no;184;162.1110739;0;21.8889261;0
02047;123457;si;si;si;221;162.18212223;32.55116645;21.8889261;4.37778522
02047;123457;si;si;no;217;162.55990745;32.55116645;21.8889261;0
02047;1100000;no;no;no;1450;1450;0;0;0
02047;1100000;si;no;no;1740;1449.9696;290.0304;0;0
02047;1100000;no;si;no;1645;1449.97;0;195.03;0
02047;1100000;si;si;si;1974;1449.9336;290.0304;195.03;39.006
02047;1100000;si;si;no;1935;1449.9396;290.0304;195.03;0
03047;40000;no;no;no;60;60;0;0;0
03047;40000;si;no;no;60;50;10;0;0
03047;40000;no;si;no;60;52.27553015;0;7.72446985;0
03047;40000;si;si;si;63;45.5136;9.2688;6.848;1.3696
03047;40000;si;si;no;62;45.8832;9.2688;6.848;0
03047;123457;no;no;no;143;143;0;0;0
03047;123457;si;no;no;171;142.39254396;28.60745604;0;0
03047;123457;no;si;no;164;142.8641616;0;21.1358384;0
03047;123457;si;si;si;197;143.02953788;28.60745604;21.1358384;4.22716768
03047;123457;si;si;no;192;142.25670556;28.60745604;21.1358384;0
03047;1100000;no;no;no;1274;1274;0;0;0
03047;1100000;si;no;no;1529;1274.108;254.892;0;0
03047;1100000;no;si;no;1462;1273.68;0;188.32;0
03047;1100000;si;si;si;1755;1274.124;254.892;188.32;37.664
03047;1100000;si;si;no;1717;1273.788;254.892;188.32;0
05025;40000;no;no;no;60;60;0;0;0
05025;40000;si;no;no;60;50;10;0;0
05025;40000;no;si;no;60;49.17085977;0;10.82914023;0
05025;40000;si;si;si;60;40.97571647;8.19514329;9.02428353;1.80485671
05025;40000;si;si;no;60;42.24653209;8.44930642;9.3041615;0
05025;123457;no;no;no;83;83;0;0;0
05025;123457;si;no;no;99;82.35108281;16.64891719;0;0
05025;123457;no;si;no;101;82.6666355;0;18.3333645;0
05025;123457;si;si;si;121;82.35104541;16.64891719;18.3333645;3.6666729
05025;123457;si;si;no;118;83.01771831;16.64891719;18.3333645;0
05025;1100000;no;no;no;741;741;0;0;0
05025;1100000;si;no;no;890;741.6584;148.3416;0;0
05025;1100000;no;si;no;905;741.65;0;163.35;0
05025;1100000;si;si;si;1086;741.6384;148.3416;163.35;32.67
05025;1100000;si;si;no;1053;741.3084;148.3416;163.35;0
06045;40000;no;no;no;60;60;0;0;0
06045;40000;si;no;no;63;52.45344;10.54656;0;0
06045;40000;no;si;no;60;54.42280965;0;5.57719035;0
06045;40000;si;si;si;69;51.96864;10.54656;5.404;1.0808
06045;40000;si;si;no;68;52.04944;10.54656;5.404;0
06045;123457;no;no;no;162;162;0;0;0
06045;123457;si;no;no;195;162.44883355;32.55116645;0;0
06045;123457;no;si;no;179;162.3209593;0;16.6790407;0
06045;123457;si;si;si;215;162.43398471;32.55116645;16.6790407;3.33580814
06045;123457;si;si;no;211;161.76979285;32.55116645;16.6790407;0
06045;1100000;no;no;no;1450;1450;0;0;0
06045;1100000;si;no;no;1740;1449.9696;290.0304;0;0
06045;1100000;no;si;no;1598;1449.39;0;148.61;0
06045;1100000;si;si;si;1918;1449.6376;290.0304;148.61;29.722
06045;1100000;si;si;no;1888;1449.3596;290.0304;148.61;0
06133;40000;no;no;no;60;60;0;0;0
06133;40000;si;no;no;63;52.45344;10.54656;0;0
06133;40000;no;si;no;60;57.44230294;0;2.55769706;0
06133;40000;si;si;si;66;52.63584;10.54656;2.348;0.4696
06133;40000;si;si;no;65;52.10544;10.54656;2.348;0
06133;123457;no;no;no;162;162;0;0;0
06133;123457;si;no;no;195;162.44883355;32.55116645;0;0
06133;123457;no;si;no;170;162.7530741;0;7.2469259;0
06133;123457;si;si;si;204;162.75252247;32.55116645;7.2469259;1.44938518
06133;123457;si;si;no;202;162.20190765;32.55116645;7.2469259;0
06133;1100000;no;no;no;1450;1450;0;0;0
06133;1100000;si;no;no;1740;1449.9696;290.0304;0;0
06133;1100000;no;si;no;1514;1449.43;0;64.57;0
06133;1100000;si;si;si;1817;1449.4856;290.0304;64.57;12.914
06133;1100000;si;si;no;1804;1449.3996;290.0304;64.57;0
07048;40000;no;no;no;60;60;0;0;0
07048;40000;si;no;no;60;50;10;0;0
07048;40000;no;si;no;60;8.11022764;0;51.88977236;0
07048;40000;si;si;si;60;6.75852304;1.35170461;43.24147696;8.64829539
07048;40000;si;si;no;60;7.89674628;1.57934926;50.52390447;0
07048;123457;no;no;no;60;60;0;0;0
07048;123457;si;no;no;60;50;10;0;0
07048;123457;no;si;no;60;8.11022764;0;51.88977236;0
07048;123457;si;si;si;60;6.75852304;1.35170461;43.24147696;8.64829539
07048;123457;si;si;no;60;7.89674628;1.57934926;50.52390447;0
07048;1100000;no;no;no;60;60;0;0;0
07048;1100000;si;no;no;60;50;10;0;0
07048;1100000;no;si;no;302;39.98;0;262.02;0
07048;1100000;si;si;si;363;40.3854;8.1906;262.02;52.404
07048;1100000;si;si;no;311;40.7894;8.1906;262.02;0
08047;40000;no;no;no;60;60;0;0;0
08047;40000;si;no;no;60;50;10;0;0
08047;40000;no;si;no;60;15.65052897;0;44.34947103;0
08047;40000;si;si;si;60;13.04210748;2.6084215;36.95789252;7.3915785
08047;40000;si;si;no;60;14.8745472;2.97490944;42.15054336;0
08047;123457;no;no;no;60;60;0;0;0
08047;123457;si;no;no;60;50;10;0;0
08047;123457;no;si;no;60;15.65052897;0;44.34947103;0
08047;123457;si;si;si;60;13.04210748;2.6084215;36.95789252;7.3915785
08047;123457;si;si;no;60;14.8745472;2.97490944;42.15054336;0
08047;1100000;no;no;no;60;60;0;0;0
08047;1100000;si;no;no;60;50;10;0;0
08047;1100000;no;si;no;157;40.95;0;116.05;0
08047;1100000;si;si;si;188;40.5494;8.1906;116.05;23.21
08047;1100000;si;si;no;165;40.7594;8.1906;116.05;0
09047;40000;no;no;no;60;60;0;0;0
09047;40000;si;no;no;60;50;10;0;0
09047;40000;no;si;no;60;21.87212376;0;38.12787624;0
09047;40000;si;si;si;60;18.2267698;3.64535396;31.7732302;6.35464604
09047;40000;si;si;no;60;20.38585092;4.07717018;35.5369789;0
09047;123457;no;no;no;60;60;0;0;0
09047;123457;si;no;no;60;50;10;0;0
09047;123457;no;si;no;60;21.87212376;0;38.12787624;0
09047;123457;si;si;si;60;18.2267698;3.64535396;31.7732302;6.35464604
09047;123457;si;si;no;60;20.38585092;4.07717018;35.5369789;0
09047;1100000;no;no;no;60;60;0;0;0
09047;1100000;si;no;no;60;50;10;0;0
09047;1100000;no;si;no;112;40.61;0;71.39;0
09047;1100000;si;si;si;134;40.1414;8.1906;71.39;14.278
09047;1100000;si;si;no;120;40.4194;8.1906;71.39;0
09088;40000;no;no;no;60;60;0;0;0
09088;40000;si;no;no;60;50;10;0;0
09088;40000;no;si;no;60;7.6335304;0;52.3664696;0
09088;40000;si;si;si;60;6.36127533;1.27225507;43.63872467;8.72774493
09088;40000;si;si;no;60;7.44411416;1.48882283;51.06706301;0
09088;123457;no;no;no;60;60;0;0;0
09088;123457;si;no;no;60;50;10;0;0
09088;123457;no;si;no;60;7.6335304;0;52.3664696;0
09088;123457;si;si;si;60;6.36127533;1.27225507;43.63872467;8.72774493
09088;123457;si;si;no;60;7.44411416;1.48882283;51.06706301;0
09088;1100000;no;no;no;60;60;0;0;0
09088;1100000;si;no;no;60;50;10;0;0
09088;1100000;no;si;no;321;40.06;0;280.94;0
09088;1100000;si;si;si;386;40.6814;8.1906;280.94;56.188
09088;1100000;si;si;no;330;40.8694;8.1906;280.94;0
10026;40000;no;no;no;60;60;0;0;0
10026;40000;si;no;no;60;50;10;0;0
10026;40000;no;si;no;60;23.28638251;0;36.71361749;0
10026;40000;si;si;si;60;19.40531876;3.88106375;30.59468124;6.11893625
10026;40000;si;si;no;60;21.60905974;4.32181195;34.06912831;0
10026;123457;no;no;no;60;60;0;0;0
10026;123457;si;no;no;60;50;10;0;0
10026;123457;no;si;no;93;35.5060751;0;57.4939249;0
10026;123457;si;si;si;112;35.71394439;7.29334573;57.4939249;11.49878498
10026;123457;si;si;no;101;36.21272937;7.29334573;57.4939249;0
10026;1100000;no;no;no;324;324;0;0;0
10026;1100000;si;no;no;389;324.0164;64.9836;0;0
10026;1100000;no;si;no;837;324.73;0;512.27;0
10026;1100000;si;si;si;1004;324.2924;64.9836;512.27;102.454
10026;1100000;si;si;no;902;324.7464;64.9836;512.27;0
10071;40000;no;no;no;60;60;0;0;0
10071;40000;si;no;no;60;50;10;0;0
10071;40000;no;si;no;60;23.98927962;0;36.01072038;0
10071;40000;si;si;si;60;19.99106635;3.99821327;30.00893365;6.00178673
10071;40000;si;si;no;60;22.21303092;4.44260618;33.34436289;0
10071;123457;no;no;no;60;60;0;0;0
10071;123457;si;no;no;60;50;10;0;0
10071;123457;no;si;no;91;36.2591662;0;54.7408338;0
10071;123457;si;si;si;109;36.01765371;7.29334573;54.7408338;10.94816676
10071;123457;si;si;no;98;35.96582047;7.29334573;54.7408338;0
10071;1100000;no;no;no;324;324;0;0;0
10071;1100000;si;no;no;389;324.0164;64.9836;0;0
10071;1100000;no;si;no;812;324.26;0;487.74;0
10071;1100000;si;si;si;975;324.7284;64.9836;487.74;97.548
10071;1100000;si;si;no;877;324.2764;64.9836;487.74;0
10134;40000;no;no;no;60;60;0;0;0
10134;40000;si;no;no;60;50;10;0;0
10134;40000;no;si;no;60;50.05309535;0;9.94690465;0
10134;40000;si;si;si;60;41.71091279;8.34218256;8.28908721;1.65781744
10134;40000;si;si;no;60;42.89614577;8.57922915;8.52462508;0
10134;123457;no;no;no;60;60;0;0;0
10134;123457;si;no;no;60;50;10;0;0
10134;123457;no;si;no;60;50.05309535;0;9.94690465;0
10134;123457;si;si;si;60;41.71091279;8.34218256;8.28908721;1.65781744
10134;123457;si;si;no;60;42.89614577;8.57922915;8.52462508;0
10134;1100000;no;no;no;324;324;0;0;0
10134;1100000;si;no;no;389;324.0164;64.9836;0;0
10134;1100000;no;si;no;389;324.43;0;64.57;0
10134;1100000;si;si;si;467;324.5324;64.9836;64.57;12.914
10134;1100000;si;si;no;454;324.4464;64.9836;64.57;0
11100;40000;no;no;no;60;60;0;0;0
11100;40000;si;no;no;60;50;10;0;0
11100;40000;no;si;no;60;17.68523164;0;42.31476836;0
11100;40000;si;si;si;60;14.73769304;2.94753861;35.26230696;7.05246139
11100;40000;si;si;no;60;16.70071179;3.34014236;39.95914585;0
11100;123457;no;no;no;60;60;0;0;0
11100;123457;si;no;no;60;50;10;0;0
11100;123457;no;si;no;60;17.68523164;0;42.31476836;0
11100;123457;si;si;si;60;14.73769304;2.94753861;35.26230696;7.05246139
11100;123457;si;si;no;60;16.70071179;3.34014236;39.95914585;0
11100;1100000;no;no;no;116;116;0;0;0
11100;1100000;si;no;no;139;115.7372;23.2628;0;0
11100;1100000;no;si;no;394;115.7;0;278.3;0
11100;1100000;si;si;si;473;115.7772;23.2628;278.3;55.66
11100;1100000;si;si;no;417;115.4372;23.2628;278.3;0
12049;40000;no;no;no;60;60;0;0;0
12049;40000;si;no;no;60;50;10;0;0
12049;40000;no;si;no;60;41.64387424;0;18.35612576;0
12049;40000;si;si;si;60;34.70322854;6.94064571;15.29677146;3.05935429
12049;40000;si;si;no;60;36.56779241;7.31355848;16.1186491;0
12049;123457;no;no;no;60;60;0;0;0
12049;123457;si;no;no;60;50;10;0;0
12049;123457;no;si;no;60;41.64387424;0;18.35612576;0
12049;123457;si;si;si;63;36.41773259;7.29334573;16.0741014;3.21482028
12049;123457;si;si;no;60;36.56779241;7.31355848;16.1186491;0
12049;1100000;no;no;no;324;324;0;0;0
12049;1100000;si;no;no;389;324.0164;64.9836;0;0
12049;1100000;no;si;no;468;324.78;0;143.22;0
12049;1100000;si;si;si;561;324.1524;64.9836;143.22;28.644
12049;1100000;si;si;no;533;324.7964;64.9836;143.22;0
13017;40000;no;no;no;60;60;0;0;0
13017;40000;si;no;no;60;50;10;0;0
13017;40000;no;si;no;60;30.26119403;0;29.73880597;0
13017;40000;si;si;si;60;25.21766169;5.04353234;24.78233831;4.95646766
13017;40000;si;si;no;60;27.48841939;5.49768388;27.01389673;0
13017;123457;no;no;no;60;60;0;0;0
13017;123457;si;no;no;60;50;10;0;0
13017;123457;no;si;no;60;30.26119403;0;29.73880597;0
13017;123457;si;si;si;60;25.21766169;5.04353234;24.78233831;4.95646766
13017;123457;si;si;no;60;27.48841939;5.49768388;27.01389673;0
13017;1100000;no;no;no;178;178;0;0;0
13017;1100000;si;no;no;214;178.316;35.684;0;0
13017;1100000;no;si;no;353;177.66;0;175.34;0
13017;1100000;si;si;si;424;177.908;35.684;175.34;35.068
13017;1100000;si;si;no;389;177.976;35.684;175.34;0
13818;40000;no;no;no;60;60;0;0;0
13818;40000;si;no;no;60;50;10;0;0
13818;40000;no;si;no;60;23.7664042;0;36.2335958;0
13818;40000;si;si;si;60;19.80533683;3.96106737;30.19466317;6.03893263
13818;40000;si;si;no;60;22.02180698;4.4043614;33.57383162;0
13818;123457;no;no;no;60;60;0;0;0
13818;123457;si;no;no;60;50;10;0;0
13818;123457;no;si;no;60;23.7664042;0;36.2335958;0
13818;123457;si;si;si;67;21.62461422;4.47161254;34.0864777;6.81729554
13818;123457;si;si;no;60;21.44190976;4.47161254;34.0864777;0
13818;1100000;no;no;no;199;199;0;0;0
13818;1100000;si;no;no;239;199.158;39.842;0;0
13818;1100000;no;si;no;502;198.29;0;303.71;0
13818;1100000;si;si;si;603;198.706;39.842;303.71;60.742
13818;1100000;si;si;no;542;198.448;39.842;303.71;0
13882;40000;no;no;no;60;60;0;0;0
13882;40000;si;no;no;60;50;10;0;0
13882;40000;no;si;no;60;24.92773572;0;35.07226428;0
13882;40000;si;si;si;60;20.7731131;4.15462262;29.2268869;5.84537738
13882;40000;si;si;no;60;23.01533508;4.60306702;32.3815979;0
13882;123457;no;no;no;60;60;0;0;0
13882;123457;si;no;no;60;50;10;0;0
13882;123457;no;si;no;60;24.92773572;0;35.07226428;0
13882;123457;si;si;si;64;21.78017514;4.47161254;31.4568436;6.29136872
13882;123457;si;si;no;60;23.01533508;4.60306702;32.3815979;0
13882;1100000;no;no;no;199;199;0;0;0
13882;1100000;si;no;no;239;199.158;39.842;0;0
13882;1100000;no;si;no;479;198.72;0;280.28;0
13882;1100000;si;si;si;575;198.822;39.842;280.28;56.056
13882;1100000;si;si;no;519;198.878;39.842;280.28;0
14037;40000;no;no;no;60;60;0;0;0
14037;40000;si;no;no;60;50;10;0;0
14037;40000;no;si;no;60;47.38990333;0;12.61009667;0
14037;40000;si;si;si;60;39.49158611;7.89831722;10.50841389;2.10168278
14037;40000;si;si;no;60;40.92511286;8.18502257;10.88986457;0
14037;123457;no;no;no;60;60;0;0;0
14037;123457;si;no;no;60;50;10;0;0
14037;123457;no;si;no;60;47.38990333;0;12.61009667;0
14037;123457;si;si;si;60;39.49158611;7.89831722;10.50841389;2.10168278
14037;123457;si;si;no;60;40.92511286;8.18502257;10.88986457;0
14037;1100000;no;no;no;242;242;0;0;0
14037;1100000;si;no;no;291;242.468;48.532;0;0
14037;1100000;no;si;no;307;242.43;0;64.57;0
14037;1100000;si;si;si;368;241.984;48.532;64.57;12.914
14037;1100000;si;si;no;355;241.898;48.532;64.57;0
15029;40000;no;no;no;60;60;0;0;0
15029;40000;si;no;no;60;50;10;0;0
15029;40000;no;si;no;60;25.02584089;0;34.97415911;0
15029;40000;si;si;si;60;20.85486741;4.17097348;29.14513259;5.82902652
15029;40000;si;si;no;60;23.0989396;4.61978792;32.28127248;0
15029;123457;no;no;no;60;60;0;0;0
15029;123457;si;no;no;60;50;10;0;0
15029;123457;no;si;no;87;36.0369504;0;50.9630496;0
15029;123457;si;si;si;104;35.55099475;7.29334573;50.9630496;10.19260992
15029;123457;si;si;no;94;35.74360467;7.29334573;50.9630496;0
15029;1100000;no;no;no;324;324;0;0;0
15029;1100000;si;no;no;389;324.0164;64.9836;0;0
15029;1100000;no;si;no;778;323.92;0;454.08;0
15029;1100000;si;si;si;934;324.1204;64.9836;454.08;90.816
15029;1100000;si;si;no;843;323.9364;64.9836;454.08;0
15070;40000;no;no;no;60;60;0;0;0
15070;40000;si;no;no;60;50;10;0;0
15070;40000;no;si;no;60;40.11680022;0;19.88319978;0
15070;40000;si;si;si;60;33.43066685;6.68613337;16.56933315;3.31386663
15070;40000;si;si;no;60;35.38502084;7.07700417;17.53797499;0
15070;123457;no;no;no;60;60;0;0;0
15070;123457;si;no;no;60;50;10;0;0
15070;123457;no;si;no;60;40.11680022;0;19.88319978;0
15070;123457;si;si;si;65;36.01772851;7.29334573;18.0741048;3.61482096
15070;123457;si;si;no;61;35.63254947;7.29334573;18.0741048;0
15070;1100000;no;no;no;324;324;0;0;0
15070;1100000;si;no;no;389;324.0164;64.9836;0;0
15070;1100000;no;si;no;485;323.96;0;161.04;0
15070;1100000;si;si;si;583;324.7684;64.9836;161.04;32.208
15070;1100000;si;si;no;550;323.9764;64.9836;161.04;0
16036;40000;no;no;no;60;60;0;0;0
16036;40000;si;no;no;60;50;10;0;0
16036;40000;no;si;no;60;47.96308954;0;12.03691046;0
16036;40000;si;si;si;60;39.96924129;7.99384826;10.03075871;2.00615174
16036;40000;si;si;no;60;41.35187695;8.27037539;10.37774766;0
16036;123457;no;no;no;60;60;0;0;0
16036;123457;si;no;no;60;50;10;0;0
16036;123457;no;si;no;60;47.96308954;0;12.03691046;0
16036;123457;si;si;si;60;39.96924129;7.99384826;10.03075871;2.00615174
16036;123457;si;si;no;60;41.35187695;8.27037539;10.37774766;0
16036;1100000;no;no;no;257;257;0;0;0
16036;1100000;si;no;no;308;256.542;51.458;0;0
16036;1100000;no;si;no;321;256.43;0;64.57;0
16036;1100000;si;si;si;386;257.058;51.458;64.57;12.914
16036;1100000;si;si;no;373;256.972;51.458;64.57;0
16149;40000;no;no;no;60;60;0;0;0
16149;40000;si;no;no;60;50;10;0;0
16149;40000;no;si;no;60;44.76555024;0;15.23444976;0
16149;40000;si;si;si;60;37.3046252;7.46092504;12.6953748;2.53907496
16149;40000;si;si;no;60;38.95303653;7.79060731;13.25635617;0
16149;123457;no;no;no;60;60;0;0;0
16149;123457;si;no;no;60;50;10;0;0
16149;123457;no;si;no;60;44.76555024;0;15.23444976;0
16149;123457;si;si;si;60;37.3046252;7.46092504;12.6953748;2.53907496
16149;123457;si;si;no;60;38.95303653;7.79060731;13.25635617;0
16149;1100000;no;no;no;257;257;0;0;0
16149;1100000;si;no;no;308;256.542;51.458;0;0
16149;1100000;no;si;no;344;256.44;0;87.56;0
16149;1100000;si;si;si;413;256.47;51.458;87.56;17.512
16149;1100000;si;si;no;396;256.982;51.458;87.56;0
17037;40000;no;no;no;60;60;0;0;0
17037;40000;si;no;no;60;50;10;0;0
17037;40000;no;si;no;60;25.76161988;0;34.23838012;0
17037;40000;si;si;si;60;21.46801657;4.29360331;28.53198343;5.70639669
17037;40000;si;si;no;60;23.72436006;4.74487201;31.53076793;0
17037;123457;no;no;no;60;60;0;0;0
17037;123457;si;no;no;60;50;10;0;0
17037;123457;no;si;no;64;27.2591968;0;36.7408032;0
17037;123457;si;si;si;77;27.38213787;5.52889829;36.7408032;7.34816064
17037;123457;si;si;no;69;26.73029851;5.52889829;36.7408032;0
17037;1100000;no;no;no;246;246;0;0;0
17037;1100000;si;no;no;295;245.7376;49.2624;0;0
17037;1100000;no;si;no;573;245.64;0;327.36;0
17037;1100000;si;si;si;688;245.9056;49.2624;327.36;65.472
17037;1100000;si;si;no;622;245.3776;49.2624;327.36;0
18030;40000;no;no;no;60;60;0;0;0
18030;40000;si;no;no;60;50;10;0;0
18030;40000;no;si;no;60;34.76340694;0;25.23659306;0
18030;40000;si;si;si;60;28.96950578;5.79390116;21.03049422;4.20609884
18030;40000;si;si;no;60;31.15341123;6.23068225;22.61590652;0
18030;123457;no;no;no;60;60;0;0;0
18030;123457;si;no;no;60;50;10;0;0
18030;123457;no;si;no;60;34.76340694;0;25.23659306;0
18030;123457;si;si;si;60;28.96950578;5.79390116;21.03049422;4.20609884
18030;123457;si;si;no;60;31.15341123;6.23068225;22.61590652;0
18030;1100000;no;no;no;257;257;0;0;0
18030;1100000;si;no;no;309;257.4815;51.5185;0;0
18030;1100000;no;si;no;444;257;0;187;0
18030;1100000;si;si;si;533;257.0815;51.5185;187;37.4
18030;1100000;si;si;no;496;257.4815;51.5185;187;0
19133;40000;no;no;no;60;60;0;0;0
19133;40000;si;no;no;60;50;10;0;0
19133;40000;no;si;no;60;53.6494771;0;6.3505229;0
19133;40000;si;si;si;60;44.70789758;8.94157952;5.29210242;1.05842048
19133;40000;si;si;no;60;45.51072226;9.10214445;5.38713329;0
19133;123457;no;no;no;61;61;0;0;0
19133;123457;si;no;no;73;60.75553474;12.24446526;0;0
19133;123457;no;si;no;68;60.7530741;0;7.2469259;0
19133;123457;si;si;si;82;61.05922366;12.24446526;7.2469259;1.44938518
19133;123457;si;si;no;80;60.50860884;12.24446526;7.2469259;0
19133;1100000;no;no;no;545;545;0;0;0
19133;1100000;si;no;no;654;544.902;109.098;0;0
19133;1100000;no;si;no;610;545.43;0;64.57;0
19133;1100000;si;si;si;732;545.418;109.098;64.57;12.914
19133;1100000;si;si;no;719;545.332;109.098;64.57;0
20062;40000;no;no;no;60;60;0;0;0
20062;40000;si;no;no;60;50;10;0;0
20062;40000;no;si;no;60;24.52488688;0;35.47511312;0
20062;40000;si;si;si;60;20.43740573;4.08748115;29.56259427;5.91251885
20062;40000;si;si;no;60;22.67150028;4.53430006;32.79419967;0
20062;123457;no;no;no;60;60;0;0;0
20062;123457;si;no;no;60;50;10;0;0
20062;123457;no;si;no;65;26.2838848;0;38.7161152;0
20062;123457;si;si;si;78;26.18756624;5.35309552;38.7161152;7.74322304
20062;123457;si;si;no;70;25.93078928;5.35309552;38.7161152;0
20062;1100000;no;no;no;238;238;0;0;0
20062;1100000;si;no;no;286;238.304;47.696;0;0
20062;1100000;no;si;no;583;238.04;0;344.96;0
20062;1100000;si;si;si;700;238.352;47.696;344.96;68.992
20062;1100000;si;si;no;631;238.344;47.696;344.96;0
20126;40000;no;no;no;60;60;0;0;0
20126;40000;si;no;no;60;50;10;0;0
20126;40000;no;si;no;60;12.83346488;0;47.16653512;0
20126;40000;si;si;si;60;10.69455406;2.13891081;39.30544594;7.86108919
20126;40000;si;si;no;60;12.30699364;2.46139873;45.23160763;0
20126;123457;no;no;no;60;60;0;0;0
20126;123457;si;no;no;60;50;10;0;0
20126;123457;no;si;no;125;26.6294624;0;98.3705376;0
20126;123457;si;si;si;150;26.60225936;5.35309552;98.3705376;19.67410752
20126;123457;si;si;no;130;26.27636688;5.35309552;98.3705376;0
20126;1100000;no;no;no;238;238;0;0;0
20126;1100000;si;no;no;286;238.304;47.696;0;0
20126;1100000;no;si;no;1114;237.52;0;876.48;0
20126;1100000;si;si;si;1337;237.528;47.696;876.48;175.296
20126;1100000;si;si;no;1162;237.824;47.696;876.48;0
20822;40000;no;no;no;60;60;0;0;0
20822;40000;si;no;no;60;50;10;0;0
20822;40000;no;si;no;60;21.22732731;0;38.77267269;0
20822;40000;si;si;si;60;17.68943942;3.53788788;32.31056058;6.46211212
20822;40000;si;si;no;60;19.82458418;3.96491684;36.21049898;0
20822;123457;no;no;no;60;60;0;0;0
20822;123457;si;no;no;60;50;10;0;0
20822;123457;no;si;no;78;27.506087;0;50.493913;0
20822;123457;si;si;si;93;26.87840611;5.52889829;50.493913;10.0987826
20822;123457;si;si;no;83;26.97718871;5.52889829;50.493913;0
20822;1100000;no;no;no;246;246;0;0;0
20822;1100000;si;no;no;295;245.7376;49.2624;0;0
20822;1100000;no;si;no;696;246.1;0;449.9;0
20822;1100000;si;si;si;835;245.8576;49.2624;449.9;89.98
20822;1100000;si;si;no;745;245.8376;49.2624;449.9;0
20877;40000;no;no;no;60;60;0;0;0
20877;40000;si;no;no;60;50;10;0;0
20877;40000;no;si;no;60;47.53803694;0;12.46196306;0
20877;40000;si;si;si;60;39.61503078;7.92300616;10.38496922;2.07699384
20877;40000;si;si;no;60;41.03554019;8.20710804;10.75735177;0
20877;123457;no;no;no;60;60;0;0;0
20877;123457;si;no;no;60;50;10;0;0
20877;123457;no;si;no;60;47.53803694;0;12.46196306;0
20877;123457;si;si;si;60;39.61503078;7.92300616;10.38496922;2.07699384
20877;123457;si;si;no;60;41.03554019;8.20710804;10.75735177;0
20877;1100000;no;no;no;246;246;0;0;0
20877;1100000;si;no;no;295;245.7376;49.2624;0;0
20877;1100000;no;si;no;310;245.43;0;64.57;0
20877;1100000;si;si;si;373;246.2536;49.2624;64.57;12.914
20877;1100000;si;si;no;360;246.1676;49.2624;64.57;0
21042;40000;no;no;no;60;60;0;0;0
21042;40000;si;no;no;60;50;10;0;0
21042;40000;no;si;no;60;14.69534912;0;45.30465088;0
21042;40000;si;si;si;60;12.24612426;2.44922485;37.75387574;7.55077515
21042;40000;si;si;no;60;14.00911945;2.80182389;43.18905666;0
21042;123457;no;no;no;60;60;0;0;0
21042;123457;si;no;no;60;50;10;0;0
21042;123457;no;si;no;102;24.4319669;0;77.5680331;0
21042;123457;si;si;si;123;24.88625296;5.03210732;77.5680331;15.51360662
21042;123457;si;si;no;107;24.39985958;5.03210732;77.5680331;0
21042;1100000;no;no;no;224;224;0;0;0
21042;1100000;si;no;no;269;224.164;44.836;0;0
21042;1100000;no;si;no;915;223.87;0;691.13;0
21042;1100000;si;si;si;1098;223.808;44.836;691.13;138.226
21042;1100000;si;si;no;960;224.034;44.836;691.13;0
22029;40000;no;no;no;60;60;0;0;0
22029;40000;si;no;no;60;50;10;0;0
22029;40000;no;si;no;60;43.49087506;0;16.50912494;0
22029;40000;si;si;si;60;36.24239588;7.24847918;13.75760412;2.75152082
22029;40000;si;si;no;60;37.98430603;7.59686121;14.41883276;0
22029;123457;no;no;no;60;60;0;0;0
22029;123457;si;no;no;60;50;10;0;0
22029;123457;no;si;no;60;43.49087506;0;16.50912494;0
22029;123457;si;si;si;60;36.24239588;7.24847918;13.75760412;2.75152082
22029;123457;si;si;no;60;37.98430603;7.59686121;14.41883276;0
22029;1100000;no;no;no;170;170;0;0;0
22029;1100000;si;no;no;204;169.922;34.078;0;0
22029;1100000;no;si;no;235;170.32;0;64.68;0
22029;1100000;si;si;si;282;170.306;34.078;64.68;12.936
22029;1100000;si;si;no;269;170.242;34.078;64.68;0
23016;40000;no;no;no;60;60;0;0;0
23016;40000;si;no;no;60;50;10;0;0
23016;40000;no;si;no;60;17.73962644;0;42.26037356;0
23016;40000;si;si;si;60;14.78302203;2.95660441;35.21697797;7.04339559
23016;40000;si;si;no;60;16.74921064;3.34984213;39.90094723;0
23016;123457;no;no;no;60;60;0;0;0
23016;123457;si;no;no;60;50;10;0;0
23016;123457;no;si;no;60;17.73962644;0;42.26037356;0
23016;123457;si;si;si;60;14.78302203;2.95660441;35.21697797;7.04339559
23016;123457;si;si;no;60;16.74921064;3.34984213;39.90094723;0
23016;1100000;no;no;no;116;116;0;0;0
23016;1100000;si;no;no;139;115.7372;23.2628;0;0
23016;1100000;no;si;no;393;115.91;0;277.09;0
23016;1100000;si;si;si;472;116.2292;23.2628;277.09;55.418
23016;1100000;si;si;no;416;115.6472;23.2628;277.09;0
23822;40000;no;no;no;60;60;0;0;0
23822;40000;si;no;no;60;50;10;0;0
23822;40000;no;si;no;60;11.21450393;0;48.78549607;0
23822;40000;si;si;si;60;9.34541994;1.86908399;40.65458006;8.13091601
23822;40000;si;si;no;60;10.81039327;2.16207865;47.02752807;0
23822;123457;no;no;no;60;60;0;0;0
23822;123457;si;no;no;60;50;10;0;0
23822;123457;no;si;no;147;26.7405363;0;120.2594637;0
23822;123457;si;si;si;177;27.15974527;5.52889829;120.2594637;24.05189274
23822;123457;si;si;no;153;27.21163801;5.52889829;120.2594637;0
23822;1100000;no;no;no;246;246;0;0;0
23822;1100000;si;no;no;295;245.7376;49.2624;0;0
23822;1100000;no;si;no;1317;245.49;0;1071.51;0
23822;1100000;si;si;si;1581;245.9256;49.2624;1071.51;214.302
23822;1100000;si;si;no;1367;246.2276;49.2624;1071.51;0
23875;40000;no;no;no;60;60;0;0;0
23875;40000;si;no;no;60;50;10;0;0
23875;40000;no;si;no;60;47.53803694;0;12.46196306;0
23875;40000;si;si;si;60;39.61503078;7.92300616;10.38496922;2.07699384
23875;40000;si;si;no;60;41.03554019;8.20710804;10.75735177;0
23875;123457;no;no;no;60;60;0;0;0
23875;123457;si;no;no;60;50;10;0;0
23875;123457;no;si;no;60;47.53803694;0;12.46196306;0
23875;123457;si;si;si;60;39.61503078;7.92300616;10.38496922;2.07699384
23875;123457;si;si;no;60;41.03554019;8.20710804;10.75735177;0
23875;1100000;no;no;no;246;246;0;0;0
23875;1100000;si;no;no;295;245.7376;49.2624;0;0
23875;1100000;no;si;no;310;245.43;0;64.57;0
23875;1100000;si;si;si;373;246.2536;49.2624;64.57;12.914
23875;1100000;si;si;no;360;246.1676;49.2624;64.57;0
24014;40000;no;no;no;60;60;0;0;0
24014;40000;si;no;no;60;50;10;0;0
24014;40000;no;si;no;60;38.55;0;21.45;0
24014;40000;si;si;si;60;32.125;6.425;17.875;3.575
24014;40000;si;si;no;60;34.1603899;6.83207798;19.00753212;0
24014;123457;no;no;no;60;60;0;0;0
24014;123457;si;no;no;60;50;10;0;0
24014;123457;no;si;no;74;47.5184735;0;26.4815265;0
24014;123457;si;si;si;88;46.7036335;9.5185347;26.4815265;5.2963053
24014;123457;si;si;no;83;46.9999388;9.5185347;26.4815265;0
24014;1100000;no;no;no;424;424;0;0;0
24014;1100000;si;no;no;508;423.19;84.81;0;0
24014;1100000;no;si;no;660;424.05;0;235.95;0
24014;1100000;si;si;si;792;424.05;84.81;235.95;47.19
24014;1100000;si;si;no;744;423.24;84.81;235.95;0
24025;40000;no;no;no;60;60;0;0;0
24025;40000;si;no;no;60;50;10;0;0
24025;40000;no;si;no;60;46.2415034;0;13.7584966;0
24025;40000;si;si;si;60;38.53458617;7.70691723;11.46541383;2.29308277
24025;40000;si;si;no;60;40.06582366;8.01316473;11.92101161;0
24025;123457;no;no;no;60;60;0;0;0
24025;123457;si;no;no;60;50;10;0;0
24025;123457;no;si;no;61;46.8394821;0;14.1605179;0
24025;123457;si;si;si;74;47.48884382;9.5185347;14.1605179;2.83210358
24025;123457;si;si;no;71;47.3209474;9.5185347;14.1605179;0
24025;1100000;no;no;no;424;424;0;0;0
24025;1100000;si;no;no;508;423.19;84.81;0;0
24025;1100000;no;si;no;550;423.83;0;126.17;0
24025;1100000;si;si;si;660;423.786;84.81;126.17;25.234
24025;1100000;si;si;no;635;424.02;84.81;126.17;0
24065;40000;no;no;no;60;60;0;0;0
24065;40000;si;no;no;60;50;10;0;0
24065;40000;no;si;no;60;24.50471448;0;35.49528552;0
24065;40000;si;si;si;60;20.4205954;4.08411908;29.5794046;5.91588092
24065;40000;si;si;no;60;22.65426053;4.53085211;32.81488737;0
24065;123457;no;no;no;60;60;0;0;0
24065;123457;si;no;no;60;50;10;0;0
24065;123457;no;si;no;116;47.0616112;0;68.9383888;0
24065;123457;si;si;si;139;46.75539874;9.5185347;68.9383888;13.78767776
24065;123457;si;si;no;126;47.5430765;9.5185347;68.9383888;0
24065;1100000;no;no;no;424;424;0;0;0
24065;1100000;si;no;no;508;423.19;84.81;0;0
24065;1100000;no;si;no;1038;423.76;0;614.24;0
24065;1100000;si;si;si;1245;423.102;84.81;614.24;122.848
24065;1100000;si;si;no;1123;423.95;84.81;614.24;0
25035;40000;no;no;no;60;60;0;0;0
25035;40000;si;no;no;60;50;10;0;0
25035;40000;no;si;no;60;54.26851098;0;5.73148902;0
25035;40000;si;si;si;60;45.22375915;9.04475183;4.77624085;0.95524817
25035;40000;si;si;no;60;45.95540611;9.19108122;4.85351266;0
25035;123457;no;no;no;68;68;0;0;0
25035;123457;si;no;no;82;68.27651988;13.72348012;0;0
25035;123457;no;si;no;75;67.7530741;0;7.2469259;0
25035;123457;si;si;si;91;68.5802088;13.72348012;7.2469259;1.44938518
25035;123457;si;si;no;89;68.02959398;13.72348012;7.2469259;0
25035;1100000;no;no;no;611;611;0;0;0
25035;1100000;si;no;no;733;610.724;122.276;0;0
25035;1100000;no;si;no;675;610.43;0;64.57;0
25035;1100000;si;si;si;811;611.24;122.276;64.57;12.914
25035;1100000;si;si;no;798;611.154;122.276;64.57;0
25078;40000;no;no;no;60;60;0;0;0
25078;40000;si;no;no;60;50;10;0;0
25078;40000;no;si;no;60;48.46388606;0;11.53611394;0
25078;40000;si;si;si;60;40.38657172;8.07731434;9.61342828;1.92268566
25078;40000;si;si;no;60;41.72359432;8.34471886;9.93168681;0
25078;123457;no;no;no;68;68;0;0;0
25078;123457;si;no;no;82;68.27651988;13.72348012;0;0
25078;123457;no;si;no;84;67.6666389;0;16.3333611;0
25078;123457;si;si;si;101;67.67648656;13.72348012;16.3333611;3.26667222
25078;123457;si;si;no;98;67.94315878;13.72348012;16.3333611;0
25078;1100000;no;no;no;611;611;0;0;0
25078;1100000;si;no;no;733;610.724;122.276;0;0
25078;1100000;no;si;no;756;610.47;0;145.53;0
25078;1100000;si;si;si;908;611.088;122.276;145.53;29.106
25078;1100000;si;si;no;879;611.194;122.276;145.53;0
26022;40000;no;no;no;60;60;0;0;0
26022;40000;si;no;no;60;50;10;0;0
26022;40000;no;si;no;60;35.08367423;0;24.91632577;0
26022;40000;si;si;si;60;29.23639519;5.84727904;20.76360481;4.15272096
26022;40000;si;si;no;60;31.41037024;6.28207405;22.30755571;0
26022;123457;no;no;no;60;60;0;0;0
26022;123457;si;no;no;69;57.35306662;11.64693338;0;0
26022;123457;no;si;no;99;57.641905;0;41.358095;0
26022;123457;si;si;si;119;57.72335262;11.64693338;41.358095;8.271619
26022;123457;si;si;no;111;57.99497162;11.64693338;41.358095;0
26022;1100000;no;no;no;518;518;0;0;0
26022;1100000;si;no;no;622;518.226;103.774;0;0
26022;1100000;no;si;no;887;518.5;0;368.5;0
26022;1100000;si;si;si;1064;518.026;103.774;368.5;73.7
26022;1100000;si;si;no;991;518.726;103.774;368.5;0
26824;40000;no;no;no;60;60;0;0;0
26824;40000;si;no;no;60;50;10;0;0
26824;40000;no;si;no;60;29.5600624;0;30.4399376;0
26824;40000;si;si;si;60;24.63338534;4.92667707;25.36661466;5.07332293
26824;40000;si;si;no;60;26.90865712;5.38173142;27.70961145;0
26824;123457;no;no;no;60;60;0;0;0
26824;123457;si;no;no;60;50;10;0;0
26824;123457;no;si;no;79;38.8517836;0;40.1482164;0
26824;123457;si;si;si;94;38.0245962;7.79754412;40.1482164;8.02964328
26824;123457;si;si;no;86;38.05423948;7.79754412;40.1482164;0
26824;1100000;no;no;no;347;347;0;0;0
26824;1100000;si;no;no;416;346.524;69.476;0;0
26824;1100000;no;si;no;705;347.28;0;357.72;0
26824;1100000;si;si;si;846;347.26;69.476;357.72;71.544
26824;1100000;si;si;no;774;346.804;69.476;357.72;0
27010;40000;no;no;no;60;60;0;0;0
27010;40000;si;no;no;60;50;10;0;0
27010;40000;no;si;no;60;19.797825;0;40.202175;0
27010;40000;si;si;si;60;16.4981875;3.2996375;33.5018125;6.7003625
27010;40000;si;si;no;60;18.57219479;3.71443896;37.71336625;0
27010;123457;no;no;no;60;60;0;0;0
27010;123457;si;no;no;60;50;10;0;0
27010;123457;no;si;no;83;26.8641021;0;56.1358979;0
27010;123457;si;si;si;100;27.10802423;5.52889829;56.1358979;11.22717958
27010;123457;si;si;no;89;27.33520381;5.52889829;56.1358979;0
27010;1100000;no;no;no;246;246;0;0;0
27010;1100000;si;no;no;295;245.7376;49.2624;0;0
27010;1100000;no;si;no;746;245.83;0;500.17;0
27010;1100000;si;si;si;895;245.5336;49.2624;500.17;100.034
27010;1100000;si;si;no;795;245.5676;49.2624;500.17;0
27050;40000;no;no;no;60;60;0;0;0
27050;40000;si;no;no;60;50;10;0;0
27050;40000;no;si;no;60;31.14903088;0;28.85096912;0
27050;40000;si;si;si;60;25.95752573;5.19150515;24.04247427;4.80849485
27050;40000;si;si;no;60;28.21904458;5.64380892;26.13714651;0
27050;123457;no;no;no;60;60;0;0;0
27050;123457;si;no;no;60;50;10;0;0
27050;123457;no;si;no;60;31.14903088;0;28.85096912;0
27050;123457;si;si;si;63;26.74512355;5.52889829;25.6049818;5.12099636
27050;123457;si;si;no;60;28.21904458;5.64380892;26.13714651;0
27050;1100000;no;no;no;246;246;0;0;0
27050;1100000;si;no;no;295;245.7376;49.2624;0;0
27050;1100000;no;si;no;474;245.86;0;228.14;0
27050;1100000;si;si;si;569;245.9696;49.2624;228.14;45.628
27050;1100000;si;si;no;523;245.5976;49.2624;228.14;0
28070;40000;no;no;no;60;60;0;0;0
28070;40000;si;no;no;60;50;10;0;0
28070;40000;no;si;no;60;13.12344862;0;46.87655138;0
28070;40000;si;si;si;60;10.93620718;2.18724144;39.06379282;7.81275856
28070;40000;si;si;no;60;12.57342624;2.51468525;44.91188851;0
28070;123457;no;no;no;60;60;0;0;0
28070;123457;si;no;no;60;50;10;0;0
28070;123457;no;si;no;60;13.12344862;0;46.87655138;0
28070;123457;si;si;si;71;12.43348068;2.61086864;46.6297089;9.32594178
28070;123457;si;si;no;62;12.75942246;2.61086864;46.6297089;0
28070;1100000;no;no;no;116;116;0;0;0
28070;1100000;si;no;no;139;115.7372;23.2628;0;0
28070;1100000;no;si;no;531;115.53;0;415.47;0
28070;1100000;si;si;si;638;116.1732;23.2628;415.47;83.094
28070;1100000;si;si;no;555;116.2672;23.2628;415.47;0
28843;40000;no;no;no;60;60;0;0;0
28843;40000;si;no;no;60;50;10;0;0
28843;40000;no;si;no;60;30.20613834;0;29.79386166;0
28843;40000;si;si;si;60;25.17178195;5.03435639;24.82821805;4.96564361
28843;40000;si;si;no;60;27.44298319;5.48859664;27.06842018;0
28843;123457;no;no;no;60;60;0;0;0
28843;123457;si;no;no;60;50;10;0;0
28843;123457;no;si;no;60;30.20613834;0;29.79386166;0
28843;123457;si;si;si;60;25.17178195;5.03435639;24.82821805;4.96564361
28843;123457;si;si;no;60;27.44298319;5.48859664;27.06842018;0
28843;1100000;no;no;no;120;120;0;0;0
28843;1100000;si;no;no;145;120.822;24.178;0;0
28843;1100000;no;si;no;240;120.76;0;119.24;0
28843;1100000;si;si;si;288;120.734;24.178;119.24;23.848
28843;1100000;si;si;no;264;120.582;24.178;119.24;0
28900;40000;no;no;no;60;60;0;0;0
28900;40000;si;no;no;60;50;10;0;0
28900;40000;no;si;no;60;4.64300803;0;55.35699197;0
28900;40000;si;si;si;68;4.2264;0.8792;52.412;10.4824
28900;40000;si;si;no;60;4.5722448;0.91444896;54.51330624;0
28900;123457;no;no;no;60;60;0;0;0
28900;123457;si;no;no;60;50;10;0;0
28900;123457;no;si;no;175;13.2342929;0;161.7657071;0
28900;123457;si;si;si;210;13.16756662;2.71358486;161.7657071;32.35314142
28900;123457;si;si;no;178;13.52070804;2.71358486;161.7657071;0
28900;1100000;no;no;no;120;120;0;0;0
28900;1100000;si;no;no;145;120.822;24.178;0;0
28900;1100000;no;si;no;1562;120.67;0;1441.33;0
28900;1100000;si;si;si;1874;120.226;24.178;1441.33;288.266
28900;1100000;si;si;no;1586;120.492;24.178;1441.33;0
30022;40000;no;no;no;60;60;0;0;0
30022;40000;si;no;no;60;50;10;0;0
30022;40000;no;si;no;60;27.25577187;0;32.74422813;0
30022;40000;si;si;si;65;24.12048;4.98032;29.916;5.9832
30022;40000;si;si;no;60;24.98575201;4.9971504;30.01709758;0
30022;123457;no;no;no;76;76;0;0;0
30022;123457;si;no;no;92;76.62861584;15.37138416;0;0
30022;123457;no;si;no;169;76.6665097;0;92.3334903;0
30022;123457;si;si;si;203;76.82842748;15.37138416;92.3334903;18.46669806
30022;123457;si;si;no;184;76.29512554;15.37138416;92.3334903;0
30022;1100000;no;no;no;684;684;0;0;0
30022;1100000;si;no;no;821;684.0412;136.9588;0;0
30022;1100000;no;si;no;1507;684.31;0;822.69;0
30022;1100000;si;si;si;1808;683.8132;136.9588;822.69;164.538
30022;1100000;si;si;no;1644;684.3512;136.9588;822.69;0
31013;40000;no;no;no;60;60;0;0;0
31013;40000;si;no;no;60;50;10;0;0
31013;40000;no;si;no;74;48.18;0;25.82;0
31013;40000;si;si;si;89;48.2648;9.7512;25.82;5.164
31013;40000;si;si;no;84;48.4288;9.7512;25.82;0
31013;123457;no;no;no;150;150;0;0;0
31013;123457;si;no;no;180;149.90365254;30.09634746;0;0
31013;123457;no;si;no;230;150.3085065;0;79.6914935;0
31013;123457;si;si;si;276;150.27386034;30.09634746;79.6914935;15.9382987
31013;123457;si;si;no;260;150.21215904;30.09634746;79.6914935;0
31013;1100000;no;no;no;1340;1340;0;0;0
31013;1100000;si;no;no;1608;1339.842;268.158;0;0
31013;1100000;no;si;no;2050;1339.95;0;710.05;0
31013;1100000;si;si;si;2461;1340.782;268.158;710.05;142.01
31013;1100000;si;si;no;2318;1339.792;268.158;710.05;0
31054;40000;no;no;no;60;60;0;0;0
31054;40000;si;no;no;60;50;10;0;0
31054;40000;no;si;no;60;57.24326863;0;2.75673137;0
31054;40000;si;si;si;61;48.4312;9.7512;2.348;0.4696
31054;40000;si;si;no;60;47.9008;9.7512;2.348;0
31054;123457;no;no;no;150;150;0;0;0
31054;123457;si;no;no;180;149.90365254;30.09634746;0;0
31054;123457;no;si;no;157;149.7530741;0;7.2469259;0
31054;123457;si;si;si;189;150.20734146;30.09634746;7.2469259;1.44938518
31054;123457;si;si;no;187;149.65672664;30.09634746;7.2469259;0
31054;1100000;no;no;no;1340;1340;0;0;0
31054;1100000;si;no;no;1608;1339.842;268.158;0;0
31054;1100000;no;si;no;1405;1340.43;0;64.57;0
31054;1100000;si;si;si;1686;1340.358;268.158;64.57;12.914
31054;1100000;si;si;no;1673;1340.272;268.158;64.57;0
33012;40000;no;no;no;60;60;0;0;0
33012;40000;si;no;no;60;50;10;0;0
33012;40000;no;si;no;77;47.86;0;29.14;0
33012;40000;si;si;si;93;48.2808;9.7512;29.14;5.828
33012;40000;si;si;no;87;48.1088;9.7512;29.14;0
33012;123457;no;no;no;150;150;0;0;0
33012;123457;si;no;no;180;149.90365254;30.09634746;0;0
33012;123457;no;si;no;240;150.0615755;0;89.9384245;0
33012;123457;si;si;si;288;149.97754314;30.09634746;89.9384245;17.9876849
33012;123457;si;si;no;270;149.96522804;30.09634746;89.9384245;0
33012;1100000;no;no;no;1340;1340;0;0;0
33012;1100000;si;no;no;1608;1339.842;268.158;0;0
33012;1100000;no;si;no;2142;1340.65;0;801.35;0
33012;1100000;si;si;si;2570;1340.222;268.158;801.35;160.27
33012;1100000;si;si;no;2410;1340.492;268.158;801.35;0
33052;40000;no;no;no;60;60;0;0;0
33052;40000;si;no;no;60;50;10;0;0
33052;40000;no;si;no;60;57.24326863;0;2.75673137;0
33052;40000;si;si;si;61;48.4312;9.7512;2.348;0.4696
33052;40000;si;si;no;60;47.9008;9.7512;2.348;0
33052;123457;no;no;no;150;150;0;0;0
33052;123457;si;no;no;180;149.90365254;30.09634746;0;0
33052;123457;no;si;no;157;149.7530741;0;7.2469259;0
33052;123457;si;si;si;189;150.20734146;30.09634746;7.2469259;1.44938518
33052;123457;si;si;no;187;149.65672664;30.09634746;7.2469259;0
33052;1100000;no;no;no;1340;1340;0;0;0
33052;1100000;si;no;no;1608;1339.842;268.158;0;0
33052;1100000;no;si;no;1405;1340.43;0;64.57;0
33052;1100000;si;si;si;1686;1340.358;268.158;64.57;12.914
33052;1100000;si;si;no;1673;1340.272;268.158;64.57;0
34070;40000;no;no;no;60;60;0;0;0
34070;40000;si;no;no;60;50;10;0;0
34070;40000;no;si;no;60;53.54353804;0;6.45646196;0
34070;40000;si;si;si;60;44.61961503;8.92392301;5.38038497;1.07607699
34070;40000;si;si;no;60;45.43446474;9.08689295;5.47864232;0
34070;123457;no;no;no;60;60;0;0;0
34070;123457;si;no;no;72;59.98022648;12.01977352;0;0
34070;123457;no;si;no;67;59.7530741;0;7.2469259;0
34070;123457;si;si;si;80;59.2839154;12.01977352;7.2469259;1.44938518
34070;123457;si;si;no;79;59.73330058;12.01977352;7.2469259;0
34070;1100000;no;no;no;535;535;0;0;0
34070;1100000;si;no;no;642;534.904;107.096;0;0
34070;1100000;no;si;no;600;535.43;0;64.57;0
34070;1100000;si;si;si;720;535.42;107.096;64.57;12.914
34070;1100000;si;si;no;707;535.334;107.096;64.57;0
35010;40000;no;no;no;60;60;0;0;0
35010;40000;si;no;no;60;50;10;0;0
35010;40000;no;si;no;60;36.97378841;0;23.02621159;0
35010;40000;si;si;si;60;30.81149034;6.16229807;19.18850966;3.83770193
35010;40000;si;si;no;60;32.91691195;6.58338239;20.49970566;0
35010;123457;no;no;no;76;76;0;0;0
35010;123457;si;no;no;92;76.62861584;15.37138416;0;0
35010;123457;no;si;no;124;76.1357211;0;47.8642789;0
35010;123457;si;si;si;149;76.19148116;15.37138416;47.8642789;9.57285578
35010;123457;si;si;no;140;76.76433694;15.37138416;47.8642789;0
35010;1100000;no;no;no;684;684;0;0;0
35010;1100000;si;no;no;821;684.0412;136.9588;0;0
35010;1100000;no;si;no;1111;684.53;0;426.47;0
35010;1100000;si;si;si;1333;684.2772;136.9588;426.47;85.294
35010;1100000;si;si;no;1248;684.5712;136.9588;426.47;0
35123;40000;no;no;no;60;60;0;0;0
35123;40000;si;no;no;60;50;10;0;0
35123;40000;no;si;no;60;44.57646132;0;15.42353868;0
35123;40000;si;si;si;60;37.1470511;7.42941022;12.8529489;2.57058978
35123;40000;si;si;no;60;38.80978505;7.76195701;13.42825794;0
35123;123457;no;no;no;76;76;0;0;0
35123;123457;si;no;no;92;76.62861584;15.37138416;0;0
35123;123457;no;si;no;103;76.4073622;0;26.5926378;0
35123;123457;si;si;si;124;76.71745048;15.37138416;26.5926378;5.31852756
35123;123457;si;si;no;118;76.03597804;15.37138416;26.5926378;0
35123;1100000;no;no;no;684;684;0;0;0
35123;1100000;si;no;no;821;684.0412;136.9588;0;0
35123;1100000;no;si;no;921;684.06;0;236.94;0
35123;1100000;si;si;si;1106;684.7132;136.9588;236.94;47.388
35123;1100000;si;si;no;1058;684.1012;136.9588;236.94;0
36034;40000;no;no;no;60;60;0;0;0
36034;40000;si;no;no;60;50;10;0;0
36034;40000;no;si;no;60;42.07387141;0;17.92612859;0
36034;40000;si;si;si;60;35.06155951;7.0123119;14.93844049;2.9876881
36034;40000;si;si;no;60;36.89893464;7.37978693;15.72127843;0
36034;123457;no;no;no;94;94;0;0;0
36034;123457;si;no;no;113;94.01478254;18.98521746;0;0
36034;123457;no;si;no;135;94.5554868;0;40.4445132;0
36034;123457;si;si;si;162;94.4813667;18.98521746;40.4445132;8.08890264
36034;123457;si;si;no;154;94.57026934;18.98521746;40.4445132;0
36034;1100000;no;no;no;845;845;0;0;0
36034;1100000;si;no;no;1014;844.842;169.158;0;0
36034;1100000;no;si;no;1206;845.64;0;360.36;0
36034;1100000;si;si;si;1447;845.41;169.158;360.36;72.072
36034;1100000;si;si;no;1375;845.482;169.158;360.36;0
37015;40000;no;no;no;60;60;0;0;0
37015;40000;si;no;no;60;50;10;0;0
37015;40000;no;si;no;60;53.16787229;0;6.83212771;0
37015;40000;si;si;si;60;44.30656024;8.86131205;5.69343976;1.13868795
37015;40000;si;si;no;60;45.16368259;9.03273652;5.80358089;0
37015;123457;no;no;no;87;87;0;0;0
37015;123457;si;no;no;105;87.4567603;17.5432397;0;0
37015;123457;no;si;no;98;86.7283759;0;11.2716241;0
37015;123457;si;si;si;118;86.93081138;17.5432397;11.2716241;2.25432482
37015;123457;si;si;no;116;87.1851362;17.5432397;11.2716241;0
37015;1100000;no;no;no;781;781;0;0;0
37015;1100000;si;no;no;937;780.69;156.31;0;0
37015;1100000;no;si;no;881;780.57;0;100.43;0
37015;1100000;si;si;si;1058;781.174;156.31;100.43;20.086
37015;1100000;si;si;no;1038;781.26;156.31;100.43;0
37060;40000;no;no;no;60;60;0;0;0
37060;40000;si;no;no;60;50;10;0;0
37060;40000;no;si;no;60;36.18845501;0;23.81154499;0
37060;40000;si;si;si;60;30.15704584;6.03140917;19.84295416;3.96859083
37060;40000;si;si;no;60;32.29300811;6.45860162;21.24839027;0
37060;123457;no;no;no;87;87;0;0;0
37060;123457;si;no;no;105;87.4567603;17.5432397;0;0
37060;123457;no;si;no;145;87.2838525;0;57.7161475;0
37060;123457;si;si;si;174;87.1973833;17.5432397;57.7161475;11.5432295
37060;123457;si;si;no;162;86.7406128;17.5432397;57.7161475;0
37060;1100000;no;no;no;781;781;0;0;0
37060;1100000;si;no;no;937;780.69;156.31;0;0
37060;1100000;no;si;no;1295;780.75;0;514.25;0
37060;1100000;si;si;si;1554;780.59;156.31;514.25;102.85
37060;1100000;si;si;no;1452;781.44;156.31;514.25;0
37135;40000;no;no;no;60;60;0;0;0
37135;40000;si;no;no;60;50;10;0;0
37135;40000;no;si;no;60;54.105851;0;5.894149;0
37135;40000;si;si;si;60;45.08820916;9.01764183;4.91179084;0.98235817
37135;40000;si;si;no;60;45.83870968;9.16774194;4.99354839;0
37135;123457;no;no;no;87;87;0;0;0
37135;123457;si;no;no;105;87.4567603;17.5432397;0;0
37135;123457;no;si;no;97;87.4444282;0;9.5555718;0
37135;123457;si;si;si;116;86.99007414;17.5432397;9.5555718;1.91111436
37135;123457;si;si;no;114;86.9011885;17.5432397;9.5555718;0
37135;1100000;no;no;no;781;781;0;0;0
37135;1100000;si;no;no;937;780.69;156.31;0;0
37135;1100000;no;si;no;866;780.86;0;85.14;0
37135;1100000;si;si;si;1040;781.522;156.31;85.14;17.028
37135;1100000;si;si;no;1023;781.55;156.31;85.14;0
38022;40000;no;no;no;60;60;0;0;0
38022;40000;si;no;no;60;50;10;0;0
38022;40000;no;si;no;60;36.39328104;0;23.60671896;0
38022;40000;si;si;si;60;30.3277342;6.06554684;19.6722658;3.93445316
38022;40000;si;si;no;60;32.45601184;6.49120237;21.05278579;0
38022;123457;no;no;no;60;60;0;0;0
38022;123457;si;no;no;60;50;10;0;0
38022;123457;no;si;no;60;36.3456388;0;23.6543612;0
38022;123457;si;si;si;72;36.32142083;7.29334573;23.6543612;4.73087224
38022;123457;si;si;no;67;36.05229307;7.29334573;23.6543612;0
38022;1100000;no;no;no;324;324;0;0;0
38022;1100000;si;no;no;389;324.0164;64.9836;0;0
38022;1100000;no;si;no;535;324.24;0;210.76;0
38022;1100000;si;si;si;642;324.1044;64.9836;210.76;42.152
38022;1100000;si;si;no;600;324.2564;64.9836;210.76;0
38064;40000;no;no;no;60;60;0;0;0
38064;40000;si;no;no;60;50;10;0;0
38064;40000;no;si;no;60;50.05309535;0;9.94690465;0
38064;40000;si;si;si;60;41.71091279;8.34218256;8.28908721;1.65781744
38064;40000;si;si;no;60;42.89614577;8.57922915;8.52462508;0
38064;123457;no;no;no;60;60;0;0;0
38064;123457;si;no;no;60;50;10;0;0
38064;123457;no;si;no;60;50.05309535;0;9.94690465;0
38064;123457;si;si;si;60;41.71091279;8.34218256;8.28908721;1.65781744
38064;123457;si;si;no;60;42.89614577;8.57922915;8.52462508;0
38064;1100000;no;no;no;324;324;0;0;0
38064;1100000;si;no;no;389;324.0164;64.9836;0;0
38064;1100000;no;si;no;389;324.43;0;64.57;0
38064;1100000;si;si;si;467;324.5324;64.9836;64.57;12.914
38064;1100000;si;si;no;454;324.4464;64.9836;64.57;0
39013;40000;no;no;no;60;60;0;0;0
39013;40000;si;no;no;60;50;10;0;0
39013;40000;no;si;no;60;26.01407831;0;33.98592169;0
39013;40000;si;si;si;60;21.67839859;4.33567972;28.32160141;5.66432028
39013;40000;si;si;no;60;23.93830209;4.78766042;31.27403749;0
39013;123457;no;no;no;60;60;0;0;0
39013;123457;si;no;no;60;50;10;0;0
39013;123457;no;si;no;60;26.01407831;0;33.98592169;0
39013;123457;si;si;si;60;21.67839859;4.33567972;28.32160141;5.66432028
39013;123457;si;si;no;60;23.93830209;4.78766042;31.27403749;0
39013;1100000;no;no;no;86;86;0;0;0
39013;1100000;si;no;no;104;86.6552;17.3448;0;0
39013;1100000;no;si;no;200;86.7;0;113.3;0
39013;1100000;si;si;si;240;86.6952;17.3448;113.3;22.66
39013;1100000;si;si;no;217;86.3552;17.3448;113.3;0
39053;40000;no;no;no;60;60;0;0;0
39053;40000;si;no;no;60;50;10;0;0
39053;40000;no;si;no;60;17.06247295;0;42.93752705;0
39053;40000;si;si;si;60;14.21872746;2.84374549;35.78127254;7.15625451
39053;40000;si;si;no;60;16.1442691;3.22885382;40.62687708;0
39053;123457;no;no;no;60;60;0;0;0
39053;123457;si;no;no;60;50;10;0;0
39053;123457;no;si;no;60;17.06247295;0;42.93752705;0
39053;123457;si;si;si;60;14.21872746;2.84374549;35.78127254;7.15625451
39053;123457;si;si;no;60;16.1442691;3.22885382;40.62687708;0
39053;1100000;no;no;no;86;86;0;0;0
39053;1100000;si;no;no;104;86.6552;17.3448;0;0
39053;1100000;no;si;no;304;85.76;0;218.24;0
39053;1100000;si;si;si;365;85.7672;17.3448;218.24;43.648
39053;1100000;si;si;no;322;86.4152;17.3448;218.24;0
40051;40000;no;no;no;60;60;0;0;0
40051;40000;si;no;no;60;50;10;0;0
40051;40000;no;si;no;60;40.44387873;0;19.55612127;0
40051;40000;si;si;si;70;38.92816;7.96464;19.256;3.8512
40051;40000;si;si;no;67;39.77936;7.96464;19.256;0
40051;123457;no;no;no;122;122;0;0;0
40051;123457;si;no;no;147;122.41773599;24.58226401;0;0
40051;123457;no;si;no;182;122.5678002;0;59.4321998;0
40051;123457;si;si;si;218;122.09909623;24.58226401;59.4321998;11.88643996
40051;123457;si;si;no;206;121.98553619;24.58226401;59.4321998;0
40051;1100000;no;no;no;1095;1095;0;0;0
40051;1100000;si;no;no;1314;1094.9724;219.0276;0;0
40051;1100000;no;si;no;1624;1094.46;0;529.54;0
40051;1100000;si;si;si;1949;1094.5244;219.0276;529.54;105.908
40051;1100000;si;si;no;1843;1094.4324;219.0276;529.54;0
41012;40000;no;no;no;60;60;0;0;0
41012;40000;si;no;no;60;50;10;0;0
41012;40000;no;si;no;60;40.30742655;0;19.69257345;0
41012;40000;si;si;si;71;39.68816;7.96464;19.456;3.8912
41012;40000;si;si;no;67;39.57936;7.96464;19.456;0
41012;123457;no;no;no;122;122;0;0;0
41012;123457;si;no;no;147;122.41773599;24.58226401;0;0
41012;123457;no;si;no;182;121.9505152;0;60.0494848;0
41012;123457;si;si;si;219;122.35835423;24.58226401;60.0494848;12.00989696
41012;123457;si;si;no;207;122.36825119;24.58226401;60.0494848;0
41012;1100000;no;no;no;1095;1095;0;0;0
41012;1100000;si;no;no;1314;1094.9724;219.0276;0;0
41012;1100000;no;si;no;1630;1094.96;0;535.04;0
41012;1100000;si;si;si;1956;1094.9244;219.0276;535.04;107.008
41012;1100000;si;si;no;1849;1094.9324;219.0276;535.04;0
41056;40000;no;no;no;60;60;0;0;0
41056;40000;si;no;no;60;50;10;0;0
41056;40000;no;si;no;60;47.68940906;0;12.31059094;0
41056;40000;si;si;si;60;39.69936;7.96464;10.28;2.056
41056;40000;si;si;no;60;41.14828449;8.2296569;10.62205861;0
41056;123457;no;no;no;122;122;0;0;0
41056;123457;si;no;no;147;122.41773599;24.58226401;0;0
41056;123457;no;si;no;154;122.271551;0;31.728449;0
41056;123457;si;si;si;185;122.34359719;24.58226401;31.728449;6.3456898
41056;123457;si;si;no;179;122.68928699;24.58226401;31.728449;0
41056;1100000;no;no;no;1095;1095;0;0;0
41056;1100000;si;no;no;1314;1094.9724;219.0276;0;0
41056;1100000;no;si;no;1377;1094.3;0;282.7;0
41056;1100000;si;si;si;1653;1094.7324;219.0276;282.7;56.54
41056;1100000;si;si;no;1596;1094.2724;219.0276;282.7;0
42041;40000;no;no;no;66;66;0;0;0
42041;40000;si;no;no;79;65.6744;13.3256;0;0
42041;40000;no;si;no;112;66.212;0;45.788;0
42041;40000;si;si;si;134;65.7288;13.3256;45.788;9.1576
42041;40000;si;si;no;125;65.8864;13.3256;45.788;0
42041;123457;no;no;no;205;205;0;0;0
42041;123457;si;no;no;246;204.87153502;41.12846498;0;0
42041;123457;no;si;no;346;204.6787721;0;141.3212279;0
42041;123457;si;si;si;416;205.28606154;41.12846498;141.3212279;28.26424558
42041;123457;si;si;no;388;205.55030712;41.12846498;141.3212279;0
42041;1100000;no;no;no;1832;1832;0;0;0
42041;1100000;si;no;no;2198;1831.546;366.454;0;0
42041;1100000;no;si;no;3091;1831.83;0;1259.17;0
42041;1100000;si;si;si;3709;1831.542;366.454;1259.17;251.834
42041;1100000;si;si;no;3457;1831.376;366.454;1259.17;0
43042;40000;no;no;no;60;60;0;0;0
43042;40000;si;no;no;60;50;10;0;0
43042;40000;no;si;no;60;54.91946161;0;5.08053839;0
43042;40000;si;si;si;60;45.76621801;9.1532436;4.23378199;0.8467564
43042;40000;si;si;no;60;46.42134418;9.28426884;4.29438699;0
43042;123457;no;no;no;122;122;0;0;0
43042;123457;si;no;no;147;122.41773599;24.58226401;0;0
43042;123457;no;si;no;134;122.6296103;0;11.3703897;0
43042;123457;si;si;si;161;122.77326835;24.58226401;11.3703897;2.27407794
43042;123457;si;si;no;158;122.04734629;24.58226401;11.3703897;0
43042;1100000;no;no;no;1095;1095;0;0;0
43042;1100000;si;no;no;1314;1094.9724;219.0276;0;0
43042;1100000;no;si;no;1196;1094.69;0;101.31;0
43042;1100000;si;si;si;1435;1094.4004;219.0276;101.31;20.262
43042;1100000;si;si;no;1415;1094.6624;219.0276;101.31;0
44030;40000;no;no;no;60;60;0;0;0
44030;40000;si;no;no;60;50;10;0;0
44030;40000;no;si;no;83;28.84;0;54.16;0
44030;40000;si;si;si;100;29.0512;5.9568;54.16;10.832
44030;40000;si;si;no;89;28.8832;5.9568;54.16;0
44030;123457;no;no;no;91;91;0;0;0
44030;123457;si;no;no;110;91.61478356;18.38521644;0;0
44030;123457;no;si;no;259;91.839222;0;167.160778;0
44030;123457;si;si;si;310;91.02184996;18.38521644;167.160778;33.4321556
44030;123457;si;si;no;277;91.45400556;18.38521644;167.160778;0
44030;1100000;no;no;no;819;819;0;0;0
44030;1100000;si;no;no;982;818.188;163.812;0;0
44030;1100000;no;si;no;2308;818.6;0;1489.4;0
44030;1100000;si;si;si;2770;818.908;163.812;1489.4;297.88
44030;1100000;si;si;no;2472;818.788;163.812;1489.4;0
45035;40000;no;no;no;60;60;0;0;0
45035;40000;si;no;no;60;50;10;0;0
45035;40000;no;si;no;71;16.84;0;54.16;0
45035;40000;si;si;si;86;17.4752;3.5328;54.16;10.832
45035;40000;si;si;no;75;17.3072;3.5328;54.16;0
45035;123457;no;no;no;60;60;0;0;0
45035;123457;si;no;no;65;54.09627776;10.90372224;0;0
45035;123457;no;si;no;221;53.839222;0;167.160778;0
45035;123457;si;si;si;266;54.50334416;10.90372224;167.160778;33.4321556
45035;123457;si;si;no;232;53.93549976;10.90372224;167.160778;0
45035;1100000;no;no;no;485;485;0;0;0
45035;1100000;si;no;no;582;484.848;97.152;0;0
45035;1100000;no;si;no;1975;485.6;0;1489.4;0
45035;1100000;si;si;si;2370;485.568;97.152;1489.4;297.88
45035;1100000;si;si;no;2072;485.448;97.152;1489.4;0
46048;40000;no;no;no;60;60;0;0;0
46048;40000;si;no;no;60;50;10;0;0
46048;40000;no;si;no;60;49.56801909;0;10.43198091;0
46048;40000;si;si;si;60;41.30668258;8.26133652;8.69331742;1.73866348
46048;40000;si;si;no;60;42.53937693;8.50787539;8.95274768;0
46048;123457;no;no;no;85;85;0;0;0
46048;123457;si;no;no;102;84.90614378;17.09385622;0;0
46048;123457;no;si;no;103;85.0123151;0;17.9876849;0
46048;123457;si;si;si;124;85.3209219;17.09385622;17.9876849;3.59753698
46048;123457;si;si;no;120;84.91845888;17.09385622;17.9876849;0
46048;1100000;no;no;no;761;761;0;0;0
46048;1100000;si;no;no;913;760.694;152.306;0;0
46048;1100000;no;si;no;921;760.73;0;160.27;0
46048;1100000;si;si;si;1106;761.37;152.306;160.27;32.054
46048;1100000;si;si;no;1074;761.424;152.306;160.27;0
47834;40000;no;no;no;60;60;0;0;0
47834;40000;si;no;no;60;50;10;0;0
47834;40000;no;si;no;60;53.7826685;0;6.2173315;0
47834;40000;si;si;si;60;44.81889042;8.96377808;5.18110958;1.03622192
47834;40000;si;si;no;60;45.60653188;9.12130638;5.27216174;0
47834;123457;no;no;no;96;96;0;0;0
47834;123457;si;no;no;115;95.6913252;19.3086748;0;0
47834;123457;no;si;no;107;95.8394872;0;11.1605128;0
47834;123457;si;si;si;129;96.29870984;19.3086748;11.1605128;2.23210256
47834;123457;si;si;no;127;96.5308124;19.3086748;11.1605128;0
47834;1100000;no;no;no;860;860;0;0;0
47834;1100000;si;no;no;1032;859.96;172.04;0;0
47834;1100000;no;si;no;959;859.56;0;99.44;0
47834;1100000;si;si;si;1151;859.632;172.04;99.44;19.888
47834;1100000;si;si;no;1131;859.52;172.04;99.44;0
48015;40000;no;no;no;60;60;0;0;0
48015;40000;si;no;no;60;50;10;0;0
48015;40000;no;si;no;65;37.368;0;27.632;0
48015;40000;si;si;si;79;38.1712;7.6704;27.632;5.5264
48015;40000;si;si;no;73;37.6976;7.6704;27.632;0
48015;123457;no;no;no;118;118;0;0;0
48015;123457;si;no;no;142;118.32588568;23.67411432;0;0
48015;123457;no;si;no;203;117.7159044;0;85.2840956;0
48015;123457;si;si;si;244;117.98497096;23.67411432;85.2840956;17.05681912
48015;123457;si;si;no;227;118.04179008;23.67411432;85.2840956;0
48015;1100000;no;no;no;1054;1054;0;0;0
48015;1100000;si;no;no;1265;1054.064;210.936;0;0
48015;1100000;no;si;no;1814;1054.12;0;759.88;0
48015;1100000;si;si;si;2177;1054.208;210.936;759.88;151.976
48015;1100000;si;si;no;2025;1054.184;210.936;759.88;0
50035;40000;no;no;no;60;60;0;0;0
50035;40000;si;no;no;60;50;10;0;0
50035;40000;no;si;no;60;49.88933602;0;10.11066398;0
50035;40000;si;si;si;60;41.57444668;8.31488934;8.42555332;1.68511066
50035;40000;si;si;no;60;42.77581299;8.5551626;8.66902441;0
50035;123457;no;no;no;61;61;0;0;0
50035;123457;si;no;no;73;60.75553474;12.24446526;0;0
50035;123457;no;si;no;73;60.5925715;0;12.4074285;0
50035;123457;si;si;si;88;60.86662054;12.24446526;12.4074285;2.4814857
50035;123457;si;si;no;85;60.34810624;12.24446526;12.4074285;0
50035;1100000;no;no;no;545;545;0;0;0
50035;1100000;si;no;no;654;544.902;109.098;0;0
50035;1100000;no;si;no;656;545.45;0;110.55;0
50035;1100000;si;si;si;787;545.242;109.098;110.55;22.11
50035;1100000;si;si;no;765;545.352;109.098;110.55;0
50139;40000;no;no;no;60;60;0;0;0
50139;40000;si;no;no;60;50;10;0;0
50139;40000;no;si;no;60;52.78339542;0;7.21660458;0
50139;40000;si;si;si;60;43.98616285;8.79723257;6.01383715;1.20276743
50139;40000;si;si;no;60;44.88595221;8.97719044;6.13685735;0
50139;123457;no;no;no;61;61;0;0;0
50139;123457;si;no;no;73;60.75553474;12.24446526;0;0
50139;123457;no;si;no;69;60.6296154;0;8.3703846;0
50139;123457;si;si;si;83;60.71107322;12.24446526;8.3703846;1.67407692
50139;123457;si;si;no;81;60.38515014;12.24446526;8.3703846;0
50139;1100000;no;no;no;545;545;0;0;0
50139;1100000;si;no;no;654;544.902;109.098;0;0
50139;1100000;no;si;no;620;545.42;0;74.58;0
50139;1100000;si;si;si;744;545.406;109.098;74.58;14.916
50139;1100000;si;si;no;729;545.322;109.098;74.58;0
52026;40000;no;no;no;60;60;0;0;0
52026;40000;si;no;no;60;50;10;0;0
52026;40000;no;si;no;60;51.53100104;0;8.46899896;0
52026;40000;si;si;si;60;42.94250087;8.58850017;7.05749913;1.41149983
52026;40000;si;si;no;60;43.9770611;8.79541222;7.22752668;0
52026;123457;no;no;no;61;61;0;0;0
52026;123457;si;no;no;73;60.75553474;12.24446526;0;0
52026;123457;no;si;no;71;60.9382545;0;10.0617455;0
52026;123457;si;si;si;85;60.68144014;12.24446526;10.0617455;2.0123491
52026;123457;si;si;no;83;60.69378924;12.24446526;10.0617455;0
52026;1100000;no;no;no;545;545;0;0;0
52026;1100000;si;no;no;654;544.902;109.098;0;0
52026;1100000;no;si;no;635;545.35;0;89.65;0
52026;1100000;si;si;si;762;545.322;109.098;89.65;17.93
52026;1100000;si;si;no;744;545.252;109.098;89.65;0
52100;40000;no;no;no;60;60;0;0;0
52100;40000;si;no;no;60;50;10;0;0
52100;40000;no;si;no;60;45.69804945;0;14.30195055;0
52100;40000;si;si;si;60;38.08170788;7.61634158;11.91829212;2.38365842
52100;40000;si;si;no;60;39.65719465;7.93143893;12.41136642;0
52100;123457;no;no;no;61;61;0;0;0
52100;123457;si;no;no;73;60.75553474;12.24446526;0;0
52100;123457;no;si;no;80;60.8394736;0;19.1605264;0
52100;123457;si;si;si;96;60.76290306;12.24446526;19.1605264;3.83210528
52100;123457;si;si;no;92;60.59500834;12.24446526;19.1605264;0
52100;1100000;no;no;no;545;545;0;0;0
52100;1100000;si;no;no;654;544.902;109.098;0;0
52100;1100000;no;si;no;716;545.28;0;170.72;0
52100;1100000;si;si;si;859;545.038;109.098;170.72;34.144
52100;1100000;si;si;no;825;545.182;109.098;170.72;0
53035;40000;no;no;no;60;60;0;0;0
53035;40000;si;no;no;60;50;10;0;0
53035;40000;no;si;no;60;38.70477068;0;21.29522932;0
53035;40000;si;si;si;60;32.25397557;6.45079511;17.74602443;3.54920489
53035;40000;si;si;no;60;34.28186495;6.85637299;18.86176206;0
53035;123457;no;no;no;60;60;0;0;0
53035;123457;si;no;no;60;50;10;0;0
53035;123457;no;si;no;60;38.70477068;0;21.29522932;0
53035;123457;si;si;si;60;32.25397557;6.45079511;17.74602443;3.54920489
53035;123457;si;si;no;60;34.28186495;6.85637299;18.86176206;0
53035;1100000;no;no;no;246;246;0;0;0
53035;1100000;si;no;no;295;245.7376;49.2624;0;0
53035;1100000;no;si;no;381;245.48;0;135.52;0
53035;1100000;si;si;si;458;246.1136;49.2624;135.52;27.104
53035;1100000;si;si;no;431;246.2176;49.2624;135.52;0
55022;40000;no;no;no;60;60;0;0;0
55022;40000;si;no;no;60;50;10;0;0
55022;40000;no;si;no;60;47.77456647;0;12.22543353;0
55022;40000;si;si;si;60;39.81213873;7.96242775;10.18786127;2.03757225
55022;40000;si;si;no;60;41.21166791;8.24233358;10.5459985;0
55022;123457;no;no;no;61;61;0;0;0
55022;123457;si;no;no;73;60.75553474;12.24446526;0;0
55022;123457;no;si;no;76;60.3333067;0;15.6666933;0
55022;123457;si;si;si;92;60.95550278;12.24446526;15.6666933;3.13333866
55022;123457;si;si;no;89;61.08884144;12.24446526;15.6666933;0
55022;1100000;no;no;no;545;545;0;0;0
55022;1100000;si;no;no;654;544.902;109.098;0;0
55022;1100000;no;si;no;685;545.41;0;139.59;0
55022;1100000;si;si;si;822;545.394;109.098;139.59;27.918
55022;1100000;si;si;no;794;545.312;109.098;139.59;0
56031;40000;no;no;no;60;60;0;0;0
56031;40000;si;no;no;60;50;10;0;0
56031;40000;no;si;no;60;29.20208068;0;30.79791932;0
56031;40000;si;si;si;60;24.33506723;4.86701345;25.66493277;5.13298655
56031;40000;si;si;no;60;26.61169147;5.32233829;28.06597023;0
56031;123457;no;no;no;61;61;0;0;0
56031;123457;si;no;no;73;60.75553474;12.24446526;0;0
56031;123457;no;si;no;125;60.431989;0;64.568011;0
56031;123457;si;si;si;150;60.27392154;12.24446526;64.568011;12.9136022
56031;123457;si;si;no;138;61.18752374;12.24446526;64.568011;0
56031;1100000;no;no;no;545;545;0;0;0
56031;1100000;si;no;no;654;544.902;109.098;0;0
56031;1100000;no;si;no;1120;544.7;0;575.3;0
56031;1100000;si;si;si;1344;544.542;109.098;575.3;115.06
56031;1100000;si;si;no;1229;544.602;109.098;575.3;0
57034;40000;no;no;no;60;60;0;0;0
57034;40000;si;no;no;60;50;10;0;0
57034;40000;no;si;no;60;50.05309535;0;9.94690465;0
57034;40000;si;si;si;60;41.71091279;8.34218256;8.28908721;1.65781744
57034;40000;si;si;no;60;42.89614577;8.57922915;8.52462508;0
57034;123457;no;no;no;60;60;0;0;0
57034;123457;si;no;no;60;50;10;0;0
57034;123457;no;si;no;60;50.05309535;0;9.94690465;0
57034;123457;si;si;si;60;41.71091279;8.34218256;8.28908721;1.65781744
57034;123457;si;si;no;60;42.89614577;8.57922915;8.52462508;0
57034;1100000;no;no;no;324;324;0;0;0
57034;1100000;si;no;no;389;324.0164;64.9836;0;0
57034;1100000;no;si;no;389;324.43;0;64.57;0
57034;1100000;si;si;si;467;324.5324;64.9836;64.57;12.914
57034;1100000;si;si;no;454;324.4464;64.9836;64.57;0
58051;40000;no;no;no;60;60;0;0;0
58051;40000;si;no;no;60;50;10;0;0
58051;40000;no;si;no;60;44.23548005;0;15.76451995;0
58051;40000;si;si;si;60;36.86290004;7.37258001;13.13709996;2.62741999
58051;40000;si;si;no;60;38.55106398;7.7102128;13.73872323;0
58051;123457;no;no;no;60;60;0;0;0
58051;123457;si;no;no;60;50;10;0;0
58051;123457;no;si;no;60;44.23548005;0;15.76451995;0
58051;123457;si;si;si;60;36.86290004;7.37258001;13.13709996;2.62741999
58051;123457;si;si;no;60;38.55106398;7.7102128;13.73872323;0
58051;1100000;no;no;no;246;246;0;0;0
58051;1100000;si;no;no;295;245.7376;49.2624;0;0
58051;1100000;no;si;no;334;246.22;0;87.78;0
58051;1100000;si;si;si;400;245.4016;49.2624;87.78;17.556
58051;1100000;si;si;no;383;245.9576;49.2624;87.78;0
60044;40000;no;no;no;60;60;0;0;0
60044;40000;si;no;no;60;50;10;0;0
60044;40000;no;si;no;60;53.35077628;0;6.64922372;0
60044;40000;si;si;si;60;44.45898024;8.89179605;5.54101976;1.10820395
60044;40000;si;si;no;60;45.29559282;9.05911856;5.64528862;0
60044;123457;no;no;no;101;101;0;0;0
60044;123457;si;no;no;121;100.69329881;20.30670119;0;0
60044;123457;no;si;no;114;101.3456575;0;12.6543425;0
60044;123457;si;si;si;137;101.50808781;20.30670119;12.6543425;2.5308685
60044;123457;si;si;no;134;101.03895631;20.30670119;12.6543425;0
60044;1100000;no;no;no;904;904;0;0;0
60044;1100000;si;no;no;1085;904.0676;180.9324;0;0
60044;1100000;no;si;no;1017;904.25;0;112.75;0
60044;1100000;si;si;si;1220;903.7676;180.9324;112.75;22.55
60044;1100000;si;si;no;1198;904.3176;180.9324;112.75;0
61045;40000;no;no;no;60;60;0;0;0
61045;40000;si;no;no;60;50;10;0;0
61045;40000;no;si;no;60;49.15030523;0;10.84969477;0
61045;40000;si;si;si;60;40.95858769;8.19171754;9.04141231;1.80828246
61045;40000;si;si;no;60;42.23135809;8.44627162;9.32237029;0
61045;123457;no;no;no;61;61;0;0;0
61045;123457;si;no;no;73;60.7407199;12.2592801;0;0
61045;123457;no;si;no;74;60.4691128;0;13.5308872;0
61045;123457;si;si;si;89;60.50365526;12.2592801;13.5308872;2.70617744
61045;123457;si;si;no;87;61.2098327;12.2592801;13.5308872;0
61045;1100000;no;no;no;546;546;0;0;0
61045;1100000;si;no;no;655;545.77;109.23;0;0
61045;1100000;no;si;no;666;545.44;0;120.56;0
61045;1100000;si;si;si;800;546.098;109.23;120.56;24.112
61045;1100000;si;si;no;775;545.21;109.23;120.56;0
63048;40000;no;no;no;60;60;0;0;0
63048;40000;si;no;no;60;50;10;0;0
63048;40000;no;si;no;60;37.92076259;0;22.07923741;0
63048;40000;si;si;si;60;31.60063549;6.3201271;18.39936451;3.6798729
63048;40000;si;si;no;60;33.66537377;6.73307475;19.60155148;0
63048;123457;no;no;no;78;78;0;0;0
63048;123457;si;no;no;94;78.2839239;15.7160761;0;0
63048;123457;no;si;no;124;78.2468358;0;45.7531642;0
63048;123457;si;si;si;149;78.38012686;15.7160761;45.7531642;9.15063284
63048;123457;si;si;no;140;78.5307597;15.7160761;45.7531642;0
63048;1100000;no;no;no;700;700;0;0;0
63048;1100000;si;no;no;840;699.97;140.03;0;0
63048;1100000;no;si;no;1107;699.34;0;407.66;0
63048;1100000;si;si;si;1329;699.778;140.03;407.66;81.532
63048;1100000;si;si;no;1247;699.31;140.03;407.66;0
63821;40000;no;no;no;60;60;0;0;0
63821;40000;si;no;no;60;50;10;0;0
63821;40000;no;si;no;60;47.68876964;0;12.31123036;0
63821;40000;si;si;si;60;39.74064137;7.94812827;10.25935863;2.05187173
63821;40000;si;si;no;60;41.14780845;8.22956169;10.62262986;0
63821;123457;no;no;no;76;76;0;0;0
63821;123457;si;no;no;92;76.63948006;15.36051994;0;0
63821;123457;no;si;no;96;76.1728058;0;19.8271942;0
63821;123457;si;si;si;115;75.84684702;15.36051994;19.8271942;3.96543884
63821;123457;si;si;no;111;75.81228586;15.36051994;19.8271942;0
63821;1100000;no;no;no;684;684;0;0;0
63821;1100000;si;no;no;821;684.138;136.862;0;0
63821;1100000;no;si;no;860;683.34;0;176.66;0
63821;1100000;si;si;si;1033;684.146;136.862;176.66;35.332
63821;1100000;si;si;no;997;683.478;136.862;176.66;0
64016;40000;no;no;no;60;60;0;0;0
64016;40000;si;no;no;60;50;10;0;0
64016;40000;no;si;no;60;46.21756359;0;13.78243641;0
64016;40000;si;si;si;60;38.51463633;7.70292727;11.48536367;2.29707273
64016;40000;si;si;no;60;40.04785007;8.00957001;11.94257992;0
64016;123457;no;no;no;74;74;0;0;0
64016;123457;si;no;no;89;74.12096236;14.87903764;0;0
64016;123457;no;si;no;96;73.8147771;0;22.1852229;0
64016;123457;si;si;si;115;73.49869488;14.87903764;22.1852229;4.43704458
64016;123457;si;si;no;111;73.93573946;14.87903764;22.1852229;0
64016;1100000;no;no;no;662;662;0;0;0
64016;1100000;si;no;no;795;662.428;132.572;0;0
64016;1100000;no;si;no;860;662.33;0;197.67;0
64016;1100000;si;si;si;1032;662.224;132.572;197.67;39.534
64016;1100000;si;si;no;993;662.758;132.572;197.67;0
65023;40000;no;no;no;60;60;0;0;0
65023;40000;si;no;no;60;50;10;0;0
65023;40000;no;si;no;60;48.69048133;0;11.30951867;0
65023;40000;si;si;si;60;40.57540111;8.11508022;9.42459889;1.88491978
65023;40000;si;si;no;60;41.89143433;8.37828687;9.73027881;0
65023;123457;no;no;no;60;60;0;0;0
65023;123457;si;no;no;69;57.39170866;11.60829134;0;0
65023;123457;no;si;no;71;57.5184956;0;13.4815044;0
65023;123457;si;si;si;85;57.21390338;11.60829134;13.4815044;2.69630088
65023;123457;si;si;no;83;57.91020426;11.60829134;13.4815044;0
65023;1100000;no;no;no;517;517;0;0;0
65023;1100000;si;no;no;620;516.5703;103.4297;0;0
65023;1100000;no;si;no;637;516.88;0;120.12;0
65023;1100000;si;si;si;764;516.4263;103.4297;120.12;24.024
65023;1100000;si;si;no;740;516.4503;103.4297;120.12;0
65122;40000;no;no;no;60;60;0;0;0
65122;40000;si;no;no;60;50;10;0;0
65122;40000;no;si;no;60;38.98111617;0;21.01888383;0
65122;40000;si;si;si;60;32.48426348;6.4968527;17.51573652;3.5031473
65122;40000;si;si;no;60;34.4984847;6.89969694;18.60181836;0
65122;123457;no;no;no;60;60;0;0;0
65122;123457;si;no;no;69;57.39170866;11.60829134;0;0
65122;123457;no;si;no;89;57.7036505;0;31.2963495;0
65122;123457;si;si;si;107;57.83608926;11.60829134;31.2963495;6.2592699
65122;123457;si;si;no;100;57.09535916;11.60829134;31.2963495;0
65122;1100000;no;no;no;517;517;0;0;0
65122;1100000;si;no;no;620;516.5703;103.4297;0;0
65122;1100000;no;si;no;795;516.15;0;278.85;0
65122;1100000;si;si;si;955;516.9503;103.4297;278.85;55.77
65122;1100000;si;si;no;899;516.7203;103.4297;278.85;0
66040;40000;no;no;no;60;60;0;0;0
66040;40000;si;no;no;60;50;10;0;0
66040;40000;no;si;no;60;46.55119715;0;13.44880285;0
66040;40000;si;si;si;60;38.79266429;7.75853286;11.20733571;2.24146714
66040;40000;si;si;no;60;40.29811254;8.05962251;11.64226495;0
66040;123457;no;no;no;60;60;0;0;0
66040;123457;si;no;no;60;50;10;0;0
66040;123457;no;si;no;61;47.1481246;0;13.8518754;0
66040;123457;si;si;si;74;47.78847396;9.58927556;13.8518754;2.77037508
66040;123457;si;si;no;71;47.55884904;9.58927556;13.8518754;0
66040;1100000;no;no;no;427;427;0;0;0
66040;1100000;si;no;no;512;426.5597;85.4403;0;0
66040;1100000;no;si;no;550;426.58;0;123.42;0
66040;1100000;si;si;si;660;426.4557;85.4403;123.42;24.684
66040;1100000;si;si;no;636;427.1397;85.4403;123.42;0
67040;40000;no;no;no;60;60;0;0;0
67040;40000;si;no;no;60;50;10;0;0
67040;40000;no;si;no;60;55.40061633;0;4.59938367;0
67040;40000;si;si;si;60;46.16718028;9.23343606;3.83281972;0.76656394
67040;40000;si;si;no;60;46.7646485;9.3529297;3.8824218;0
67040;123457;no;no;no;118;118;0;0;0
67040;123457;si;no;no;142;118.32588568;23.67411432;0;0
67040;123457;no;si;no;128;118.1728228;0;9.8271772;0
67040;123457;si;si;si;153;117.53327304;23.67411432;9.8271772;1.96543544
67040;123457;si;si;no;151;117.49870848;23.67411432;9.8271772;0
67040;1100000;no;no;no;1054;1054;0;0;0
67040;1100000;si;no;no;1265;1054.064;210.936;0;0
67040;1100000;no;si;no;1142;1054.44;0;87.56;0
67040;1100000;si;si;si;1370;1053.992;210.936;87.56;17.512
67040;1100000;si;si;no;1353;1054.504;210.936;87.56;0
70021;40000;no;no;no;60;60;0;0;0
70021;40000;si;no;no;60;50;10;0;0
70021;40000;no;si;no;60;46.83451614;0;13.16548386;0
70021;40000;si;si;si;60;39.02876345;7.80575269;10.97123655;2.19424731
70021;40000;si;si;no;60;40.51025543;8.10205109;11.38769348;0
70021;123457;no;no;no;76;76;0;0;0
70021;123457;si;no;no;92;76.62861584;15.37138416;0;0
70021;123457;no;si;no;98;76.395025;0;21.604975;0
70021;123457;si;si;si;118;76.70264584;15.37138416;21.604975;4.320995
70021;123457;si;si;no;113;76.02364084;15.37138416;21.604975;0
70021;1100000;no;no;no;684;684;0;0;0
70021;1100000;si;no;no;821;684.0412;136.9588;0;0
70021;1100000;no;si;no;877;684.5;0;192.5;0
70021;1100000;si;si;si;1052;684.0412;136.9588;192.5;38.5
70021;1100000;si;si;no;1014;684.5412;136.9588;192.5;0
71011;40000;no;no;no;65;65;0;0;0
71011;40000;si;no;no;79;65.81548;13.18452;0;0
71011;40000;no;si;no;71;65.256;0;5.744;0
71011;40000;si;si;si;85;64.92268;13.18452;5.744;1.1488
71011;40000;si;si;no;84;65.07148;13.18452;5.744;0
71011;123457;no;no;no;203;203;0;0;0
71011;123457;si;no;no;244;203.30696786;40.69303214;0;0
71011;123457;no;si;no;221;203.2715748;0;17.7284252;0
71011;123457;si;si;si;265;203.03285762;40.69303214;17.7284252;3.54568504
71011;123457;si;si;no;261;202.57854266;40.69303214;17.7284252;0
71011;1100000;no;no;no;1812;1812;0;0;0
71011;1100000;si;no;no;2175;1812.4257;362.5743;0;0
71011;1100000;no;si;no;1970;1812.04;0;157.96;0
71011;1100000;si;si;si;2364;1811.8737;362.5743;157.96;31.592
71011;1100000;si;si;no;2333;1812.4657;362.5743;157.96;0
71020;40000;no;no;no;65;65;0;0;0
71020;40000;si;no;no;79;65.81548;13.18452;0;0
71020;40000;no;si;no;69;65.724;0;3.276;0
71020;40000;si;si;si;83;65.88428;13.18452;3.276;0.6552
71020;40000;si;si;no;82;65.53948;13.18452;3.276;0
71020;123457;no;no;no;203;203;0;0;0
71020;123457;si;no;no;244;203.30696786;40.69303214;0;0
71020;123457;no;si;no;213;202.8888717;0;10.1111283;0
71020;123457;si;si;si;256;203.1736139;40.69303214;10.1111283;2.02222566
71020;123457;si;si;no;254;203.19583956;40.69303214;10.1111283;0
71020;1100000;no;no;no;1812;1812;0;0;0
71020;1100000;si;no;no;2175;1812.4257;362.5743;0;0
71020;1100000;no;si;no;1902;1811.91;0;90.09;0
71020;1100000;si;si;si;2283;1812.3177;362.5743;90.09;18.018
71020;1100000;si;si;no;2265;1812.3357;362.5743;90.09;0
71122;40000;no;no;no;65;65;0;0;0
71122;40000;si;no;no;79;65.81548;13.18452;0;0
71122;40000;no;si;no;80;65.18;0;14.82;0
71122;40000;si;si;si;96;65.03148;13.18452;14.82;2.964
71122;40000;si;si;no;93;64.99548;13.18452;14.82;0
71122;123457;no;no;no;203;203;0;0;0
71122;123457;si;no;no;244;203.30696786;40.69303214;0;0
71122;123457;no;si;no;249;203.2591815;0;45.7408185;0
71122;123457;si;si;si;299;203.41798566;40.69303214;45.7408185;9.1481637
71122;123457;si;si;no;289;202.56614936;40.69303214;45.7408185;0
71122;1100000;no;no;no;1812;1812;0;0;0
71122;1100000;si;no;no;2175;1812.4257;362.5743;0;0
71122;1100000;no;si;no;2220;1812.45;0;407.55;0
71122;1100000;si;si;si;2664;1812.3657;362.5743;407.55;81.51
71122;1100000;si;si;no;2582;1811.8757;362.5743;407.55;0
72019;40000;no;no;no;60;60;0;0;0
72019;40000;si;no;no;60;50;10;0;0
72019;40000;no;si;no;60;12.06391478;0;47.93608522;0
72019;40000;si;si;si;60;10.05326232;2.01065246;39.94673768;7.98934754
72019;40000;si;si;no;60;11.59754224;2.31950845;46.08294931;0
72019;123457;no;no;no;60;60;0;0;0
72019;123457;si;no;no;60;50;10;0;0
72019;123457;no;si;no;74;14.74064;0;59.25936;0
72019;123457;si;si;si;89;14.90604688;2.98272112;59.25936;11.851872
72019;123457;si;si;no;77;14.75791888;2.98272112;59.25936;0
72019;1100000;no;no;no;132;132;0;0;0
72019;1100000;si;no;no;159;132.424;26.576;0;0
72019;1100000;no;si;no;660;132;0;528;0
72019;1100000;si;si;si;793;132.824;26.576;528;105.6
72019;1100000;si;si;no;687;132.424;26.576;528;0
73038;40000;no;no;no;60;60;0;0;0
73038;40000;si;no;no;60;50;10;0;0
73038;40000;no;si;no;60;50.66054997;0;9.33945003;0
73038;40000;si;si;si;60;42.21712498;8.443425;7.78287502;1.556575
73038;40000;si;si;no;60;43.3415307;8.66830614;7.99016316;0
73038;123457;no;no;no;60;60;0;0;0
73038;123457;si;no;no;60;50;10;0;0
73038;123457;no;si;no;60;50.66054997;0;9.33945003;0
73038;123457;si;si;si;60;42.21712498;8.443425;7.78287502;1.556575
73038;123457;si;si;no;60;43.3415307;8.66830614;7.99016316;0
73038;1100000;no;no;no;350;350;0;0;0
73038;1100000;si;no;no;420;349.9498;70.0502;0;0
73038;1100000;no;si;no;414;349.43;0;64.57;0
73038;1100000;si;si;si;497;349.4658;70.0502;64.57;12.914
73038;1100000;si;si;no;484;349.3798;70.0502;64.57;0
74027;40000;no;no;no;60;60;0;0;0
74027;40000;si;no;no;60;50;10;0;0
74027;40000;no;si;no;60;41.95293481;0;18.04706519;0
74027;40000;si;si;si;60;34.96077901;6.9921558;15.03922099;3.0078442
74027;40000;si;si;no;60;36.80588514;7.36117703;15.83293783;0
74027;123457;no;no;no;60;60;0;0;0
74027;123457;si;no;no;60;50;10;0;0
74027;123457;no;si;no;60;41.95293481;0;18.04706519;0
74027;123457;si;si;si;60;34.96077901;6.9921558;15.03922099;3.0078442
74027;123457;si;si;no;60;36.80588514;7.36117703;15.83293783;0
74027;1100000;no;no;no;284;284;0;0;0
74027;1100000;si;no;no;341;284.13;56.87;0;0
74027;1100000;no;si;no;406;283.68;0;122.32;0
74027;1100000;si;si;si;488;284.346;56.87;122.32;24.464
74027;1100000;si;si;no;463;283.81;56.87;122.32;0
80013;40000;no;no;no;65;65;0;0;0
80013;40000;si;no;no;79;65.81548;13.18452;0;0
80013;40000;no;si;no;70;65.328;0;4.672;0
80013;40000;si;si;si;84;65.20908;13.18452;4.672;0.9344
80013;40000;si;si;no;83;65.14348;13.18452;4.672;0
80013;123457;no;no;no;203;203;0;0;0
80013;123457;si;no;no;244;203.30696786;40.69303214;0;0
80013;123457;no;si;no;217;202.5802224;0;14.4197776;0
80013;123457;si;si;si;261;203.00323474;40.69303214;14.4197776;2.88395552
80013;123457;si;si;no;258;202.88719026;40.69303214;14.4197776;0
80013;1100000;no;no;no;1812;1812;0;0;0
80013;1100000;si;no;no;2175;1812.4257;362.5743;0;0
80013;1100000;no;si;no;1941;1812.52;0;128.48;0
80013;1100000;si;si;si;2329;1812.2497;362.5743;128.48;25.696
80013;1100000;si;si;no;2303;1811.9457;362.5743;128.48;0
80030;40000;no;no;no;65;65;0;0;0
80030;40000;si;no;no;79;65.81548;13.18452;0;0
80030;40000;no;si;no;73;65.044;0;7.956;0
80030;40000;si;si;si;88;65.26828;13.18452;7.956;1.5912
80030;40000;si;si;no;87;65.85948;13.18452;7.956;0
80030;123457;no;no;no;203;203;0;0;0
80030;123457;si;no;no;244;203.30696786;40.69303214;0;0
80030;123457;no;si;no;228;203.4444027;0;24.5555973;0
80030;123457;si;si;si;273;202.8402511;40.69303214;24.5555973;4.91111946
80030;123457;si;si;no;268;202.75137056;40.69303214;24.5555973;0
80030;1100000;no;no;no;1812;1812;0;0;0
80030;1100000;si;no;no;2175;1812.4257;362.5743;0;0
80030;1100000;no;si;no;2031;1812.21;0;218.79;0
80030;1100000;si;si;si;2437;1811.8777;362.5743;218.79;43.758
80030;1100000;si;si;no;2394;1812.6357;362.5743;218.79;0
80057;40000;no;no;no;65;65;0;0;0
80057;40000;si;no;no;79;65.81548;13.18452;0;0
80057;40000;no;si;no;78;65.004;0;12.996;0
80057;40000;si;si;si;94;65.22028;13.18452;12.996;2.5992
80057;40000;si;si;no;92;65.81948;13.18452;12.996;0
80057;123457;no;no;no;203;203;0;0;0
80057;123457;si;no;no;244;203.30696786;40.69303214;0;0
80057;123457;no;si;no;243;202.8888207;0;40.1111793;0
80057;123457;si;si;si;292;203.1735527;40.69303214;40.1111793;8.02223586
80057;123457;si;si;no;284;203.19578856;40.69303214;40.1111793;0
80057;1100000;no;no;no;1812;1812;0;0;0
80057;1100000;si;no;no;2175;1812.4257;362.5743;0;0
80057;1100000;no;si;no;2170;1812.61;0;357.39;0
80057;1100000;si;si;si;2604;1812.5577;362.5743;357.39;71.478
80057;1100000;si;si;no;2532;1812.0357;362.5743;357.39;0
80139;40000;no;no;no;65;65;0;0;0
80139;40000;si;no;no;79;65.81548;13.18452;0;0
80139;40000;no;si;no;68;65.652;0;2.348;0
80139;40000;si;si;si;81;64.99788;13.18452;2.348;0.4696
80139;40000;si;si;no;81;65.46748;13.18452;2.348;0
80139;123457;no;no;no;203;203;0;0;0
80139;123457;si;no;no;244;203.30696786;40.69303214;0;0
80139;123457;no;si;no;210;202.7530741;0;7.2469259;0
80139;123457;si;si;si;252;202.61065678;40.69303214;7.2469259;1.44938518
80139;123457;si;si;no;251;203.06004196;40.69303214;7.2469259;0
80139;1100000;no;no;no;1812;1812;0;0;0
80139;1100000;si;no;no;2175;1812.4257;362.5743;0;0
80139;1100000;no;si;no;1877;1812.43;0;64.57;0
80139;1100000;si;si;si;2252;1811.9417;362.5743;64.57;12.914
80139;1100000;si;si;no;2240;1812.8557;362.5743;64.57;0
81049;40000;no;no;no;60;60;0;0;0
81049;40000;si;no;no;60;50;10;0;0
81049;40000;no;si;no;60;53.88197156;0;6.11802844;0
81049;40000;si;si;si;65;48.6056;9.7512;5.536;1.1072
81049;40000;si;si;no;64;48.7128;9.7512;5.536;0
81049;123457;no;no;no;150;150;0;0;0
81049;123457;si;no;no;180;149.90365254;30.09634746;0;0
81049;123457;no;si;no;167;149.9135512;0;17.0864488;0
81049;123457;si;si;si;201;150.39991398;30.09634746;17.0864488;3.41728976
81049;123457;si;si;no;197;149.81720374;30.09634746;17.0864488;0
81049;1100000;no;no;no;1340;1340;0;0;0
81049;1100000;si;no;no;1608;1339.842;268.158;0;0
81049;1100000;no;si;no;1493;1340.76;0;152.24;0
81049;1100000;si;si;si;1791;1340.154;268.158;152.24;30.448
81049;1100000;si;si;no;1761;1340.602;268.158;152.24;0
82019;40000;no;no;no;65;65;0;0;0
82019;40000;si;no;no;79;65.81548;13.18452;0;0
82019;40000;no;si;no;72;65.58;0;6.42;0
82019;40000;si;si;si;86;65.11148;13.18452;6.42;1.284
82019;40000;si;si;no;85;65.39548;13.18452;6.42;0
82019;123457;no;no;no;203;203;0;0;0
82019;123457;si;no;no;244;203.30696786;40.69303214;0;0
82019;123457;no;si;no;223;203.1851515;0;19.8148485;0
82019;123457;si;si;si;267;202.52914966;40.69303214;19.8148485;3.9629697
82019;123457;si;si;no;263;202.49211936;40.69303214;19.8148485;0
82019;1100000;no;no;no;1812;1812;0;0;0
82019;1100000;si;no;no;2175;1812.4257;362.5743;0;0
82019;1100000;no;si;no;1989;1812.45;0;176.55;0
82019;1100000;si;si;si;2387;1812.5657;362.5743;176.55;35.31
82019;1100000;si;si;no;2351;1811.8757;362.5743;176.55;0
82028;40000;no;no;no;65;65;0;0;0
82028;40000;si;no;no;79;65.81548;13.18452;0;0
82028;40000;no;si;no;71;65.256;0;5.744;0
82028;40000;si;si;si;85;64.92268;13.18452;5.744;1.1488
82028;40000;si;si;no;84;65.07148;13.18452;5.744;0
82028;123457;no;no;no;203;203;0;0;0
82028;123457;si;no;no;244;203.30696786;40.69303214;0;0
82028;123457;no;si;no;221;203.2715748;0;17.7284252;0
82028;123457;si;si;si;265;203.03285762;40.69303214;17.7284252;3.54568504
82028;123457;si;si;no;261;202.57854266;40.69303214;17.7284252;0
82028;1100000;no;no;no;1812;1812;0;0;0
82028;1100000;si;no;no;2175;1812.4257;362.5743;0;0
82028;1100000;no;si;no;1970;1812.04;0;157.96;0
82028;1100000;si;si;si;2364;1811.8737;362.5743;157.96;31.592
82028;1100000;si;si;no;2333;1812.4657;362.5743;157.96;0
83010;40000;no;no;no;65;65;0;0;0
83010;40000;si;no;no;79;65.81548;13.18452;0;0
83010;40000;no;si;no;71;65.324;0;5.676;0
83010;40000;si;si;si;85;65.00428;13.18452;5.676;1.1352
83010;40000;si;si;no;84;65.13948;13.18452;5.676;0
83010;123457;no;no;no;203;203;0;0;0
83010;123457;si;no;no;244;203.30696786;40.69303214;0;0
83010;123457;no;si;no;220;202.4814517;0;17.5185483;0
83010;123457;si;si;si;265;203.2847099;40.69303214;17.5185483;3.50370966
83010;123457;si;si;no;261;202.78841956;40.69303214;17.5185483;0
83010;1100000;no;no;no;1812;1812;0;0;0
83010;1100000;si;no;no;2175;1812.4257;362.5743;0;0
83010;1100000;no;si;no;1968;1811.91;0;156.09;0
83010;1100000;si;si;si;2362;1812.1177;362.5743;156.09;31.218
83010;1100000;si;si;no;2331;1812.3357;362.5743;156.09;0
83041;40000;no;no;no;65;65;0;0;0
83041;40000;si;no;no;79;65.81548;13.18452;0;0
83041;40000;no;si;no;70;65.044;0;4.956;0
83041;40000;si;si;si;85;65.86828;13.18452;4.956;0.9912
83041;40000;si;si;no;84;65.85948;13.18452;4.956;0
83041;123457;no;no;no;203;203;0;0;0
83041;123457;si;no;no;244;203.30696786;40.69303214;0;0
83041;123457;no;si;no;218;202.7036777;0;15.2963223;0
83041;123457;si;si;si;262;202.9513811;40.69303214;15.2963223;3.05926446
83041;123457;si;si;no;259;203.01064556;40.69303214;15.2963223;0
83041;1100000;no;no;no;1812;1812;0;0;0
83041;1100000;si;no;no;2175;1812.4257;362.5743;0;0
83041;1100000;no;si;no;1949;1812.71;0;136.29;0
83041;1100000;si;si;si;2338;1811.8777;362.5743;136.29;27.258
83041;1100000;si;si;no;2311;1812.1357;362.5743;136.29;0
83052;40000;no;no;no;65;65;0;0;0
83052;40000;si;no;no;79;65.81548;13.18452;0;0
83052;40000;no;si;no;74;65.136;0;8.864;0
83052;40000;si;si;si;89;65.17868;13.18452;8.864;1.7728
83052;40000;si;si;no;87;64.95148;13.18452;8.864;0
83052;123457;no;no;no;203;203;0;0;0
83052;123457;si;no;no;244;203.30696786;40.69303214;0;0
83052;123457;no;si;no;230;202.6419288;0;27.3580712;0
83052;123457;si;si;si;276;202.47728242;40.69303214;27.3580712;5.47161424
83052;123457;si;si;no;271;202.94889666;40.69303214;27.3580712;0
83052;1100000;no;no;no;1812;1812;0;0;0
83052;1100000;si;no;no;2175;1812.4257;362.5743;0;0
83052;1100000;no;si;no;2056;1812.24;0;243.76;0
83052;1100000;si;si;si;2467;1811.9137;362.5743;243.76;48.752
83052;1100000;si;si;no;2419;1812.6657;362.5743;243.76;0
84042;40000;no;no;no;60;60;0;0;0
84042;40000;si;no;no;60;50;10;0;0
84042;40000;no;si;no;60;53.64874181;0;6.35125819;0
84042;40000;si;si;si;60;44.70728484;8.94145697;5.29271516;1.05854303
84042;40000;si;si;no;60;45.51019314;9.10203863;5.38776823;0
84042;123457;no;no;no;76;76;0;0;0
84042;123457;si;no;no;92;76.62861584;15.37138416;0;0
84042;123457;no;si;no;85;75.9012191;0;9.0987809;0
84042;123457;si;si;si;103;76.71007876;15.37138416;9.0987809;1.81975618
84042;123457;si;si;no;101;76.52983494;15.37138416;9.0987809;0
84042;1100000;no;no;no;684;684;0;0;0
84042;1100000;si;no;no;821;684.0412;136.9588;0;0
84042;1100000;no;si;no;765;683.93;0;81.07;0
84042;1100000;si;si;si;919;684.7572;136.9588;81.07;16.214
84042;1100000;si;si;no;902;683.9712;136.9588;81.07;0
84088;40000;no;no;no;60;60;0;0;0
84088;40000;si;no;no;60;50;10;0;0
84088;40000;no;si;no;60;54.83001585;0;5.16998415;0
84088;40000;si;si;si;60;45.69167988;9.13833598;4.30832012;0.86166402
84088;40000;si;si;no;60;46.35742192;9.27148438;4.37109369;0
84088;123457;no;no;no;76;76;0;0;0
84088;123457;si;no;no;92;76.62861584;15.37138416;0;0
84088;123457;no;si;no;84;76.7530741;0;7.2469259;0
84088;123457;si;si;si;100;75.93230476;15.37138416;7.2469259;1.44938518
84088;123457;si;si;no;99;76.38168994;15.37138416;7.2469259;0
84088;1100000;no;no;no;684;684;0;0;0
84088;1100000;si;no;no;821;684.0412;136.9588;0;0
84088;1100000;no;si;no;749;684.43;0;64.57;0
84088;1100000;si;si;si;899;684.5572;136.9588;64.57;12.914
84088;1100000;si;si;no;886;684.4712;136.9588;64.57;0
85028;40000;no;no;no;60;60;0;0;0
85028;40000;si;no;no;60;50;10;0;0
85028;40000;no;si;no;60;55.76788165;0;4.23211835;0
85028;40000;si;si;si;62;47.8088;9.7512;3.7;0.74
85028;40000;si;si;no;62;48.5488;9.7512;3.7;0
85028;123457;no;no;no;150;150;0;0;0
85028;123457;si;no;no;180;149.90365254;30.09634746;0;0
85028;123457;no;si;no;161;149.5802275;0;11.4197725;0
85028;123457;si;si;si;194;150.19992554;30.09634746;11.4197725;2.2839545
85028;123457;si;si;no;191;149.48388004;30.09634746;11.4197725;0
85028;1100000;no;no;no;1340;1340;0;0;0
85028;1100000;si;no;no;1608;1339.842;268.158;0;0
85028;1100000;no;si;no;1442;1340.25;0;101.75;0
85028;1100000;si;si;si;1731;1340.742;268.158;101.75;20.35
85028;1100000;si;si;no;1710;1340.092;268.158;101.75;0
86011;40000;no;no;no;65;65;0;0;0
86011;40000;si;no;no;79;65.81548;13.18452;0;0
86011;40000;no;si;no;70;65.18;0;4.82;0
86011;40000;si;si;si;84;65.03148;13.18452;4.82;0.964
86011;40000;si;si;no;83;64.99548;13.18452;4.82;0
86011;123457;no;no;no;203;203;0;0;0
86011;123457;si;no;no;244;203.30696786;40.69303214;0;0
86011;123457;no;si;no;218;203.1234315;0;14.8765685;0
86011;123457;si;si;si;262;203.45508566;40.69303214;14.8765685;2.9753137
86011;123457;si;si;no;259;203.43039936;40.69303214;14.8765685;0
86011;1100000;no;no;no;1812;1812;0;0;0
86011;1100000;si;no;no;2175;1812.4257;362.5743;0;0
86011;1100000;no;si;no;1945;1812.45;0;132.55;0
86011;1100000;si;si;si;2334;1812.3657;362.5743;132.55;26.51
86011;1100000;si;si;no;2307;1811.8757;362.5743;132.55;0
86019;40000;no;no;no;65;65;0;0;0
86019;40000;si;no;no;79;65.81548;13.18452;0;0
86019;40000;no;si;no;69;65.836;0;3.164;0
86019;40000;si;si;si;82;65.01868;13.18452;3.164;0.6328
86019;40000;si;si;no;82;65.65148;13.18452;3.164;0
86019;123457;no;no;no;203;203;0;0;0
86019;123457;si;no;no;244;203.30696786;40.69303214;0;0
86019;123457;no;si;no;213;203.2345513;0;9.7654487;0
86019;123457;si;si;si;255;202.58842942;40.69303214;9.7654487;1.95308974
86019;123457;si;si;no;253;202.54151916;40.69303214;9.7654487;0
86019;1100000;no;no;no;1812;1812;0;0;0
86019;1100000;si;no;no;2175;1812.4257;362.5743;0;0
86019;1100000;no;si;no;1899;1811.99;0;87.01;0
86019;1100000;si;si;si;2279;1812.0137;362.5743;87.01;17.402
86019;1100000;si;si;no;2262;1812.4157;362.5743;87.01;0
86024;40000;no;no;no;65;65;0;0;0
86024;40000;si;no;no;79;65.81548;13.18452;0;0
86024;40000;no;si;no;71;65.38;0;5.62;0
86024;40000;si;si;si;85;65.07148;13.18452;5.62;1.124
86024;40000;si;si;no;84;65.19548;13.18452;5.62;0
86024;123457;no;no;no;203;203;0;0;0
86024;123457;si;no;no;244;203.30696786;40.69303214;0;0
86024;123457;no;si;no;220;202.6542915;0;17.3457085;0
86024;123457;si;si;si;264;202.49211766;40.69303214;17.3457085;3.4691417
86024;123457;si;si;no;261;202.96125936;40.69303214;17.3457085;0
86024;1100000;no;no;no;1812;1812;0;0;0
86024;1100000;si;no;no;2175;1812.4257;362.5743;0;0
86024;1100000;no;si;no;1967;1812.45;0;154.55;0
86024;1100000;si;si;si;2360;1811.9657;362.5743;154.55;30.91
86024;1100000;si;si;no;2329;1811.8757;362.5743;154.55;0
86080;40000;no;no;no;60;60;0;0;0
86080;40000;si;no;no;60;50;10;0;0
86080;40000;no;si;no;60;55.77638804;0;4.22361196;0
86080;40000;si;si;si;62;47.8184;9.7512;3.692;0.7384
86080;40000;si;si;no;62;48.5568;9.7512;3.692;0
86080;123457;no;no;no;150;150;0;0;0
86080;123457;si;no;no;180;149.90365254;30.09634746;0;0
86080;123457;no;si;no;161;149.6049189;0;11.3950811;0
86080;123457;si;si;si;194;150.22955522;30.09634746;11.3950811;2.27901622
86080;123457;si;si;no;191;149.50857144;30.09634746;11.3950811;0
86080;1100000;no;no;no;1340;1340;0;0;0
86080;1100000;si;no;no;1608;1339.842;268.158;0;0
86080;1100000;no;si;no;1442;1340.47;0;101.53;0
86080;1100000;si;si;si;1730;1340.006;268.158;101.53;20.306
86080;1100000;si;si;no;1710;1340.312;268.158;101.53;0
87031;40000;no;no;no;65;65;0;0;0
87031;40000;si;no;no;79;65.81548;13.18452;0;0
87031;40000;no;si;no;69;65.116;0;3.884;0
87031;40000;si;si;si;83;65.15468;13.18452;3.884;0.7768
87031;40000;si;si;no;82;64.93148;13.18452;3.884;0
87031;123457;no;no;no;203;203;0;0;0
87031;123457;si;no;no;244;203.30696786;40.69303214;0;0
87031;123457;no;si;no;215;203.0123253;0;11.9876747;0
87031;123457;si;si;si;258;202.92175822;40.69303214;11.9876747;2.39753494
87031;123457;si;si;no;256;203.31929316;40.69303214;11.9876747;0
87031;1100000;no;no;no;1812;1812;0;0;0
87031;1100000;si;no;no;2175;1812.4257;362.5743;0;0
87031;1100000;no;si;no;1919;1812.19;0;106.81;0
87031;1100000;si;si;si;2303;1812.2537;362.5743;106.81;21.362
87031;1100000;si;si;no;2282;1812.6157;362.5743;106.81;0
87058;40000;no;no;no;65;65;0;0;0
87058;40000;si;no;no;79;65.81548;13.18452;0;0
87058;40000;no;si;no;71;65.38;0;5.62;0
87058;40000;si;si;si;85;65.07148;13.18452;5.62;1.124
87058;40000;si;si;no;84;65.19548;13.18452;5.62;0
87058;123457;no;no;no;203;203;0;0;0
87058;123457;si;no;no;244;203.30696786;40.69303214;0;0
87058;123457;no;si;no;220;202.6542915;0;17.3457085;0
87058;123457;si;si;si;264;202.49211766;40.69303214;17.3457085;3.4691417
87058;123457;si;si;no;261;202.96125936;40.69303214;17.3457085;0
87058;1100000;no;no;no;1812;1812;0;0;0
87058;1100000;si;no;no;2175;1812.4257;362.5743;0;0
87058;1100000;no;si;no;1967;1812.45;0;154.55;0
87058;1100000;si;si;si;2360;1811.9657;362.5743;154.55;30.91
87058;1100000;si;si;no;2329;1811.8757;362.5743;154.55;0
87062;40000;no;no;no;65;65;0;0;0
87062;40000;si;no;no;79;65.81548;13.18452;0;0
87062;40000;no;si;no;69;65.78;0;3.22;0
87062;40000;si;si;si;82;64.95148;13.18452;3.22;0.644
87062;40000;si;si;no;82;65.59548;13.18452;3.22;0
87062;123457;no;no;no;203;203;0;0;0
87062;123457;si;no;no;244;203.30696786;40.69303214;0;0
87062;123457;no;si;no;213;203.0617115;0;9.9382885;0
87062;123457;si;si;si;256;203.38102166;40.69303214;9.9382885;1.9876577
87062;123457;si;si;no;254;203.36867936;40.69303214;9.9382885;0
87062;1100000;no;no;no;1812;1812;0;0;0
87062;1100000;si;no;no;2175;1812.4257;362.5743;0;0
87062;1100000;no;si;no;1901;1812.45;0;88.55;0
87062;1100000;si;si;si;2281;1812.1657;362.5743;88.55;17.71
87062;1100000;si;si;no;2263;1811.8757;362.5743;88.55;0
87070;40000;no;no;no;65;65;0;0;0
87070;40000;si;no;no;79;65.81548;13.18452;0;0
87070;40000;no;si;no;69;65.756;0;3.244;0
87070;40000;si;si;si;82;64.92268;13.18452;3.244;0.6488
87070;40000;si;si;no;82;65.57148;13.18452;3.244;0
87070;123457;no;no;no;203;203;0;0;0
87070;123457;si;no;no;244;203.30696786;40.69303214;0;0
87070;123457;no;si;no;213;202.9876373;0;10.0123627;0
87070;123457;si;si;si;256;203.29213262;40.69303214;10.0123627;2.00247254
87070;123457;si;si;no;254;203.29460516;40.69303214;10.0123627;0
87070;1100000;no;no;no;1812;1812;0;0;0
87070;1100000;si;no;no;2175;1812.4257;362.5743;0;0
87070;1100000;no;si;no;1902;1812.79;0;89.21;0
87070;1100000;si;si;si;2282;1812.3737;362.5743;89.21;17.842
87070;1100000;si;si;no;2264;1812.2157;362.5743;89.21;0
87076;40000;no;no;no;65;65;0;0;0
87076;40000;si;no;no;79;65.81548;13.18452;0;0
87076;40000;no;si;no;71;65.916;0;5.084;0
87076;40000;si;si;si;85;65.71468;13.18452;5.084;1.0168
87076;40000;si;si;no;84;65.73148;13.18452;5.084;0
87076;123457;no;no;no;203;203;0;0;0
87076;123457;si;no;no;244;203.30696786;40.69303214;0;0
87076;123457;no;si;no;219;203.3086153;0;15.6913847;0
87076;123457;si;si;si;262;202.47730622;40.69303214;15.6913847;3.13827694
87076;123457;si;si;no;259;202.61558316;40.69303214;15.6913847;0
87076;1100000;no;no;no;1812;1812;0;0;0
87076;1100000;si;no;no;2175;1812.4257;362.5743;0;0
87076;1100000;no;si;no;1952;1812.19;0;139.81;0
87076;1100000;si;si;si;2343;1812.6537;362.5743;139.81;27.962
87076;1100000;si;si;no;2315;1812.6157;362.5743;139.81;0
88822;40000;no;no;no;60;60;0;0;0
88822;40000;si;no;no;60;50;10;0;0
88822;40000;no;si;no;60;49.85959438;0;10.14040562;0
88822;40000;si;si;si;60;41.54966199;8.3099324;8.45033801;1.6900676
88822;40000;si;si;no;60;42.75394631;8.55078926;8.69526443;0
88822;123457;no;no;no;118;118;0;0;0
88822;123457;si;no;no;142;118.32588568;23.67411432;0;0
88822;123457;no;si;no;142;117.925885;0;24.074115;0
88822;123457;si;si;si;170;117.43694768;23.67411432;24.074115;4.814823
88822;123457;si;si;no;166;118.25177068;23.67411432;24.074115;0
88822;1100000;no;no;no;1054;1054;0;0;0
88822;1100000;si;no;no;1265;1054.064;210.936;0;0
88822;1100000;no;si;no;1269;1054.5;0;214.5;0
88822;1100000;si;si;si;1523;1054.664;210.936;214.5;42.9
88822;1100000;si;si;no;1480;1054.564;210.936;214.5;0
89036;40000;no;no;no;99;99;0;0;0
89036;40000;si;no;no;119;99.00732;19.99268;0;0
89036;40000;no;si;no;102;99.516;0;2.484;0
89036;40000;si;si;si;122;99.02652;19.99268;2.484;0.4968
89036;40000;si;si;no;122;99.52332;19.99268;2.484;0
89036;123457;no;no;no;308;308;0;0;0
89036;123457;si;no;no;370;308.29409263;61.70590737;0;0
89036;123457;no;si;no;316;308.3333203;0;7.6666797;0
89036;123457;si;si;si;379;308.09407699;61.70590737;7.6666797;1.53333594
89036;123457;si;si;no;377;307.62741293;61.70590737;7.6666797;0
89036;1100000;no;no;no;2748;2748;0;0;0
89036;1100000;si;no;no;3298;2748.2013;549.7987;0;0
89036;1100000;no;si;no;2817;2748.69;0;68.31;0
89036;1100000;si;si;si;3380;2748.2293;549.7987;68.31;13.662
89036;1100000;si;si;no;3367;2748.8913;549.7987;68.31;0
89133;40000;no;no;no;99;99;0;0;0
89133;40000;si;no;no;119;99.00732;19.99268;0;0
89133;40000;no;si;no;103;99.26;0;3.74;0
89133;40000;si;si;si;124;99.51932;19.99268;3.74;0.748
89133;40000;si;si;no;123;99.26732;19.99268;3.74;0
89133;123457;no;no;no;308;308;0;0;0
89133;123457;si;no;no;370;308.29409263;61.70590737;0;0
89133;123457;no;si;no;320;308.4567705;0;11.5432295;0
89133;123457;si;si;si;384;308.44221723;61.70590737;11.5432295;2.3086459
89133;123457;si;si;no;381;307.75086313;61.70590737;11.5432295;0
89133;1100000;no;no;no;2748;2748;0;0;0
89133;1100000;si;no;no;3298;2748.2013;549.7987;0;0
89133;1100000;no;si;no;2851;2748.15;0;102.85;0
89133;1100000;si;si;si;3422;2748.7813;549.7987;102.85;20.57
89133;1100000;si;si;no;3401;2748.3513;549.7987;102.85;0
90016;40000;no;no;no;60;60;0;0;0
90016;40000;si;no;no;60;50;10;0;0
90016;40000;no;si;no;60;49.7808265;0;10.2191735;0
90016;40000;si;si;si;60;41.48402208;8.29680442;8.51597792;1.70319558
90016;40000;si;si;no;60;42.69601653;8.53920331;8.76478016;0
90016;123457;no;no;no;61;61;0;0;0
90016;123457;si;no;no;73;60.75553474;12.24446526;0;0
90016;123457;no;si;no;73;60.4320774;0;12.5679226;0
90016;123457;si;si;si;88;60.67402762;12.24446526;12.5679226;2.51358452
90016;123457;si;si;no;86;61.18761214;12.24446526;12.5679226;0
90016;1100000;no;no;no;545;545;0;0;0
90016;1100000;si;no;no;654;544.902;109.098;0;0
90016;1100000;no;si;no;657;545.02;0;111.98;0
90016;1100000;si;si;si;788;544.526;109.098;111.98;22.396
90016;1100000;si;si;no;766;544.922;109.098;111.98;0
90125;40000;no;no;no;60;60;0;0;0
90125;40000;si;no;no;60;50;10;0;0
90125;40000;no;si;no;60;49.27790659;0;10.72209341;0
90125;40000;si;si;si;60;41.06492216;8.21298443;8.93507784;1.78701557
90125;40000;si;si;no;60;42.32552846;8.46510569;9.20936584;0
90125;123457;no;no;no;61;61;0;0;0
90125;123457;si;no;no;73;60.75553474;12.24446526;0;0
90125;123457;no;si;no;74;60.6789897;0;13.3210103;0
90125;123457;si;si;si;89;60.77032238;12.24446526;13.3210103;2.66420206
90125;123457;si;si;no;86;60.43452444;12.24446526;13.3210103;0
90125;1100000;no;no;no;545;545;0;0;0
90125;1100000;si;no;no;654;544.902;109.098;0;0
90125;1100000;no;si;no;664;545.31;0;118.69;0
90125;1100000;si;si;si;797;545.474;109.098;118.69;23.738
90125;1100000;si;si;no;773;545.212;109.098;118.69;0
91025;40000;no;no;no;60;60;0;0;0
91025;40000;si;no;no;60;50;10;0;0
91025;40000;no;si;no;60;37.86921381;0;22.13078619;0
91025;40000;si;si;si;60;31.55767818;6.31153564;18.44232182;3.68846436
91025;40000;si;si;no;60;33.62473904;6.72494781;19.65031315;0
91025;123457;no;no;no;60;60;0;0;0
91025;123457;si;no;no;60;50;10;0;0
91025;123457;no;si;no;60;37.86921381;0;22.13078619;0
91025;123457;si;si;si;60;31.55767818;6.31153564;18.44232182;3.68846436
91025;123457;si;si;no;60;33.62473904;6.72494781;19.65031315;0
91025;1100000;no;no;no;188;188;0;0;0
91025;1100000;si;no;no;226;188.204;37.796;0;0
91025;1100000;no;si;no;299;188.56;0;110.44;0
91025;1100000;si;si;si;359;188.676;37.796;110.44;22.088
91025;1100000;si;si;no;337;188.764;37.796;110.44;0
91029;40000;no;no;no;60;60;0;0;0
91029;40000;si;no;no;60;50;10;0;0
91029;40000;no;si;no;60;39.08987486;0;20.91012514;0
91029;40000;si;si;si;60;32.57489571;6.51497914;17.42510429;3.48502086
91029;40000;si;si;no;60;34.58364088;6.91672818;18.49963095;0
91029;123457;no;no;no;60;60;0;0;0
91029;123457;si;no;no;60;50;10;0;0
91029;123457;no;si;no;60;39.08987486;0;20.91012514;0
91029;123457;si;si;si;60;32.57489571;6.51497914;17.42510429;3.48502086
91029;123457;si;si;no;60;34.58364088;6.91672818;18.49963095;0
91029;1100000;no;no;no;188;188;0;0;0
91029;1100000;si;no;no;226;188.204;37.796;0;0
91029;1100000;no;si;no;290;188.91;0;101.09;0
91029;1100000;si;si;si;348;188.896;37.796;101.09;20.218
91029;1100000;si;si;no;327;188.114;37.796;101.09;0
94015;40000;no;no;no;60;60;0;0;0
94015;40000;si;no;no;60;50;10;0;0
94015;40000;no;si;no;60;49.66914247;0;10.33085753;0
94015;40000;si;si;si;60;41.39095206;8.27819041;8.60904794;1.72180959
94015;40000;si;si;no;60;42.61383385;8.52276677;8.86339937;0
94015;123457;no;no;no;60;60;0;0;0
94015;123457;si;no;no;72;59.89133744;12.10866256;0;0
94015;123457;no;si;no;73;60.407386;0;12.592614;0
94015;123457;si;si;si;87;59.78020064;12.10866256;12.592614;2.5185228
94015;123457;si;si;no;85;60.29872344;12.10866256;12.592614;0
94015;1100000;no;no;no;539;539;0;0;0
94015;1100000;si;no;no;647;539.112;107.888;0;0
94015;1100000;no;si;no;651;538.8;0;112.2;0
94015;1100000;si;si;si;781;538.472;107.888;112.2;22.44
94015;1100000;si;si;no;759;538.912;107.888;112.2;0
95046;40000;no;no;no;60;60;0;0;0
95046;40000;si;no;no;64;53.2768;10.7232;0;0
95046;40000;no;si;no;60;56.48942895;0;3.51057105;0
95046;40000;si;si;si;68;53.2784;10.7232;3.332;0.6664
95046;40000;si;si;no;67;52.9448;10.7232;3.332;0
95046;123457;no;no;no;165;165;0;0;0
95046;123457;si;no;no;198;164.90364744;33.09635256;0;0
95046;123457;no;si;no;175;164.7160319;0;10.2839681;0
95046;123457;si;si;si;210;164.56288572;33.09635256;10.2839681;2.05679362
95046;123457;si;si;no;208;164.61967934;33.09635256;10.2839681;0
95046;1100000;no;no;no;1474;1474;0;0;0
95046;1100000;si;no;no;1769;1474.112;294.888;0;0
95046;1100000;no;si;no;1566;1474.37;0;91.63;0
95046;1100000;si;si;si;1879;1474.156;294.888;91.63;18.326
95046;1100000;si;si;no;1860;1473.482;294.888;91.63;0
98023;40000;no;no;no;61;61;0;0;0
98023;40000;si;no;no;73;60.7344;12.2656;0;0
98023;40000;no;si;no;63;60.652;0;2.348;0
98023;40000;si;si;si;76;60.9168;12.2656;2.348;0.4696
98023;40000;si;si;no;75;60.3864;12.2656;2.348;0
98023;123457;no;no;no;189;189;0;0;0
98023;123457;si;no;no;227;189.14314552;37.85685448;0;0
98023;123457;no;si;no;196;188.7530741;0;7.2469259;0
98023;123457;si;si;si;235;188.44683444;37.85685448;7.2469259;1.44938518
98023;123457;si;si;no;234;188.89621962;37.85685448;7.2469259;0
98023;1100000;no;no;no;1686;1686;0;0;0
98023;1100000;si;no;no;2023;1685.696;337.304;0;0
98023;1100000;no;si;no;1751;1686.43;0;64.57;0
98023;1100000;si;si;si;2101;1686.212;337.304;64.57;12.914
98023;1100000;si;si;no;2088;1686.126;337.304;64.57;0
98065;40000;no;no;no;61;61;0;0;0
98065;40000;si;no;no;73;60.7344;12.2656;0;0
98065;40000;no;si;no;63;60.652;0;2.348;0
98065;40000;si;si;si;76;60.9168;12.2656;2.348;0.4696
98065;40000;si;si;no;75;60.3864;12.2656;2.348;0
98065;123457;no;no;no;189;189;0;0;0
98065;123457;si;no;no;227;189.14314552;37.85685448;0;0
98065;123457;no;si;no;196;188.7530741;0;7.2469259;0
98065;123457;si;si;si;235;188.44683444;37.85685448;7.2469259;1.44938518
98065;123457;si;si;no;234;188.89621962;37.85685448;7.2469259;0
98065;1100000;no;no;no;1686;1686;0;0;0
98065;1100000;si;no;no;2023;1685.696;337.304;0;0
98065;1100000;no;si;no;1751;1686.43;0;64.57;0
98065;1100000;si;si;si;2101;1686.212;337.304;64.57;12.914
98065;1100000;si;si;no;2088;1686.126;337.304;64.57;0
98147;40000;no;no;no;61;61;0;0;0
98147;40000;si;no;no;73;60.7344;12.2656;0;0
98147;40000;no;si;no;63;60.652;0;2.348;0
98147;40000;si;si;si;76;60.9168;12.2656;2.348;0.4696
98147;40000;si;si;no;75;60.3864;12.2656;2.348;0
98147;123457;no;no;no;189;189;0;0;0
98147;123457;si;no;no;227;189.14314552;37.85685448;0;0
98147;123457;no;si;no;196;188.7530741;0;7.2469259;0
98147;123457;si;si;si;235;188.44683444;37.85685448;7.2469259;1.44938518
98147;123457;si;si;no;234;188.89621962;37.85685448;7.2469259;0
98147;1100000;no;no;no;1686;1686;0;0;0
98147;1100000;si;no;no;2023;1685.696;337.304;0;0
98147;1100000;no;si;no;1751;1686.43;0;64.57;0
98147;1100000;si;si;si;2101;1686.212;337.304;64.57;12.914
98147;1100000;si;si;no;2088;1686.126;337.304;64.57;0
